"","Mean","SE","Day","Plate.ID","Reading.Date.Time","Mean.RFU..Chl.a70.460.685.","Std.Dev.RFU..Chl.a70.460.685.","CV.RFU..Chl.a70.460.685.","Mean.RFU..Chl.a100.460.685.","Std.Dev.RFU..Chl.a100.460.685.","CV.RFU..Chl.a100.460.685.","Treatment","Native"
"1",4.66666666666667,0.333333333333333,0,"Day0-Plate2 Algae-Bacteria Growth Experiment","3/16/2018 19:03",5,5.196,103.923,3,4.246,123.268,"25","Non-Native Bacterium"
"2",4.66666666666667,0.333333333333333,0,"Day0-Plate3 Algae-Bacteria Growth Experiment","3/16/2018 19:12",5,5.341,98.103,6,5.876,105.769,"25","Non-Native Bacterium"
"3",4.66666666666667,0.333333333333333,0,"Day0-Plate4 Algae-Bacteria Growth Experiment","3/16/2018 19:22",4,3.391,92.486,6,4.676,79.397,"25","Non-Native Bacterium"
"4",5,0.577350269189626,0,"Day0-Plate2 Algae-Bacteria Growth Experiment","3/16/2018 19:03",5,3.219,65.84,1,1.878,130.032,"27","Non-Native Bacterium"
"5",5,0.577350269189626,0,"Day0-Plate3 Algae-Bacteria Growth Experiment","3/16/2018 19:12",4,5.395,138.741,4,6.942,164.421,"27","Non-Native Bacterium"
"6",5,0.577350269189626,0,"Day0-Plate4 Algae-Bacteria Growth Experiment","3/16/2018 19:22",6,5.385,95.032,6,5.48,85.031,"27","Non-Native Bacterium"
"7",4.66666666666667,0.333333333333333,0,"Day0-Plate1 Algae-Bacteria Growth Experiment","3/16/2018 18:49",4,3.391,92.486,10,6.185,61.847,"30","Non-Native Bacterium"
"8",4.66666666666667,0.333333333333333,0,"Day0-Plate4 Algae-Bacteria Growth Experiment","3/16/2018 19:22",5,6.042,113.279,5,3.822,74.787,"30","Non-Native Bacterium"
"9",4.66666666666667,0.333333333333333,0,"Day0-Plate5 Algae-Bacteria Growth Experiment","3/16/2018 19:31",5,5.701,106.891,3,2.603,75.583,"30","Non-Native Bacterium"
"10",7,0.577350269189626,0,"Day0-Plate1 Algae-Bacteria Growth Experiment","3/16/2018 18:49",8,2.646,34.51,4,4.868,128.851,"31","Non-Native Bacterium"
"11",7,0.577350269189626,0,"Day0-Plate3 Algae-Bacteria Growth Experiment","3/16/2018 19:12",7,7.259,100.511,4,3.678,82.755,"31","Non-Native Bacterium"
"12",7,0.577350269189626,0,"Day0-Plate5 Algae-Bacteria Growth Experiment","3/16/2018 19:31",6,4.807,78.667,5,4.055,84.876,"31","Non-Native Bacterium"
"13",5.66666666666667,0.881917103688197,0,"Day0-Plate1 Algae-Bacteria Growth Experiment","3/16/2018 18:49",4,4.72,106.199,7,6.124,83.505,"36","Non-Native Bacterium"
"14",5.66666666666667,0.881917103688197,0,"Day0-Plate2 Algae-Bacteria Growth Experiment","3/16/2018 19:03",7,6.633,99.499,5,5.31,111.136,"36","Non-Native Bacterium"
"15",5.66666666666667,0.881917103688197,0,"Day0-Plate3 Algae-Bacteria Growth Experiment","3/16/2018 19:12",6,4.676,79.397,4,3.969,91.584,"36","Non-Native Bacterium"
"16",5.33333333333333,0.666666666666667,0,"Day0-Plate1 Algae-Bacteria Growth Experiment","3/16/2018 18:49",6,4.137,70.243,5,4.126,90.581,"37","Non-Native Bacterium"
"17",5.33333333333333,0.666666666666667,0,"Day0-Plate3 Algae-Bacteria Growth Experiment","3/16/2018 19:12",4,3.919,95.335,3,4.031,134.371,"37","Non-Native Bacterium"
"18",5.33333333333333,0.666666666666667,0,"Day0-Plate4 Algae-Bacteria Growth Experiment","3/16/2018 19:22",6,4.093,64.621,6,3.909,60.652,"37","Non-Native Bacterium"
"19",6,0.316227766016838,0,"Day0-Plate1 Algae-Bacteria Growth Experiment","3/16/2018 18:49",6,5.495,88.312,10,7.769,76.839,"4","Axenic"
"20",6,0.316227766016838,0,"Day0-Plate2 Algae-Bacteria Growth Experiment","3/16/2018 19:03",5,5.044,96.592,5,4.485,91.729,"4","Axenic"
"21",6,0.316227766016838,0,"Day0-Plate3 Algae-Bacteria Growth Experiment","3/16/2018 19:12",6,4.807,78.667,7,5.911,87.217,"4","Axenic"
"22",6,0.316227766016838,0,"Day0-Plate4 Algae-Bacteria Growth Experiment","3/16/2018 19:22",7,4.764,70.287,6,4.4,74.719,"4","Axenic"
"23",6,0.316227766016838,0,"Day0-Plate5 Algae-Bacteria Growth Experiment","3/16/2018 19:31",6,4.676,76.51,7,4.531,69.113,"4","Axenic"
"24",7,0,0,"Day0-Plate1 Algae-Bacteria Growth Experiment","3/16/2018 18:49",7,5.395,78.321,10,5.31,54.305,"40","Native Bacterium"
"25",7,0,0,"Day0-Plate2 Algae-Bacteria Growth Experiment","3/16/2018 19:03",7,4.362,66.54,4,4.583,124.979,"40","Native Bacterium"
"26",7,0,0,"Day0-Plate3 Algae-Bacteria Growth Experiment","3/16/2018 19:12",7,4.014,58.266,5,3.551,69.48,"40","Native Bacterium"
"27",6,0.577350269189626,0,"Day0-Plate1 Algae-Bacteria Growth Experiment","3/16/2018 18:49",7,3.841,52.371,4,4.796,130.795,"41","Native Bacterium"
"28",6,0.577350269189626,0,"Day0-Plate3 Algae-Bacteria Growth Experiment","3/16/2018 19:12",6,3.742,66.029,5,5.134,105.02,"41","Native Bacterium"
"29",6,0.577350269189626,0,"Day0-Plate4 Algae-Bacteria Growth Experiment","3/16/2018 19:22",5,3.708,69.527,5,3.844,70.608,"41","Native Bacterium"
"30",4.66666666666667,0.333333333333333,1,"Day1-Plate2 Algae-Bacteria Growth Experiment","3/17/2018 13:48",5,3.779,82.945,5,3.745,82.215,"25","Non-Native Bacterium"
"31",4.66666666666667,0.333333333333333,1,"Day1-Plate3 Algae-Bacteria Growth Experiment","3/17/2018 13:57",5,5.457,100.229,3,2.828,106.066,"25","Non-Native Bacterium"
"32",4.66666666666667,0.333333333333333,1,"Day1-Plate4 Algae-Bacteria Growth Experiment","3/17/2018 14:07",4,3.575,100.536,4,3.333,85.714,"25","Non-Native Bacterium"
"33",5,1.15470053837925,1,"Day1-Plate2 Algae-Bacteria Growth Experiment","3/17/2018 13:48",3,4.024,144.872,4,4.622,118.846,"27","Non-Native Bacterium"
"34",5,1.15470053837925,1,"Day1-Plate3 Algae-Bacteria Growth Experiment","3/17/2018 13:57",7,5.916,80.674,4,4.295,113.683,"27","Non-Native Bacterium"
"35",5,1.15470053837925,1,"Day1-Plate4 Algae-Bacteria Growth Experiment","3/17/2018 14:07",5,4.676,91.479,6,5.981,107.666,"27","Non-Native Bacterium"
"36",3.66666666666667,0.881917103688197,1,"Day1-Plate1 Algae-Bacteria Growth Experiment","3/17/2018 13:38",2,3.232,145.43,3,3.167,123.913,"30","Non-Native Bacterium"
"37",3.66666666666667,0.881917103688197,1,"Day1-Plate4 Algae-Bacteria Growth Experiment","3/17/2018 14:07",5,6.784,148.925,5,4.684,89.703,"30","Non-Native Bacterium"
"38",3.66666666666667,0.881917103688197,1,"Day1-Plate5 Algae-Bacteria Growth Experiment","3/17/2018 14:16",4,3.667,86.842,9,4.994,56.899,"30","Non-Native Bacterium"
"39",4.66666666666667,0.333333333333333,1,"Day1-Plate1 Algae-Bacteria Growth Experiment","3/17/2018 13:38",4,6.021,138.941,5,4.61,86.433,"31","Non-Native Bacterium"
"40",4.66666666666667,0.333333333333333,1,"Day1-Plate3 Algae-Bacteria Growth Experiment","3/17/2018 13:57",5,5.302,103.735,3,5.025,150.748,"31","Non-Native Bacterium"
"41",4.66666666666667,0.333333333333333,1,"Day1-Plate5 Algae-Bacteria Growth Experiment","3/17/2018 14:16",5,4.893,102.418,5,4.187,91.901,"31","Non-Native Bacterium"
"42",4.66666666666667,1.20185042515466,1,"Day1-Plate1 Algae-Bacteria Growth Experiment","3/17/2018 13:38",3,3.122,104.083,5,7.382,138.42,"36","Non-Native Bacterium"
"43",4.66666666666667,1.20185042515466,1,"Day1-Plate2 Algae-Bacteria Growth Experiment","3/17/2018 13:48",4,3.202,80.039,5,4.631,96.924,"36","Non-Native Bacterium"
"44",4.66666666666667,1.20185042515466,1,"Day1-Plate3 Algae-Bacteria Growth Experiment","3/17/2018 13:57",7,6.379,88.328,5,5.123,109.789,"36","Non-Native Bacterium"
"45",4,0,1,"Day1-Plate1 Algae-Bacteria Growth Experiment","3/17/2018 13:38",4,3.983,102.41,2,3.279,163.936,"37","Non-Native Bacterium"
"46",4,0,1,"Day1-Plate3 Algae-Bacteria Growth Experiment","3/17/2018 13:57",4,8.078,201.944,5,5.292,105.83,"37","Non-Native Bacterium"
"47",4,0,1,"Day1-Plate4 Algae-Bacteria Growth Experiment","3/17/2018 14:07",4,4.512,116.031,8,7.645,98.292,"37","Non-Native Bacterium"
"48",5,0.547722557505166,1,"Day1-Plate1 Algae-Bacteria Growth Experiment","3/17/2018 13:38",6,4.859,82.513,3,3.941,114.402,"4","Axenic"
"49",5,0.547722557505166,1,"Day1-Plate2 Algae-Bacteria Growth Experiment","3/17/2018 13:48",5,4.755,97.264,3,5.718,177.452,"4","Axenic"
"50",5,0.547722557505166,1,"Day1-Plate3 Algae-Bacteria Growth Experiment","3/17/2018 13:57",5,4.387,94.017,3,3.346,103.835,"4","Axenic"
"51",5,0.547722557505166,1,"Day1-Plate4 Algae-Bacteria Growth Experiment","3/17/2018 14:07",3,5.568,167.033,3,3.354,100.623,"4","Axenic"
"52",5,0.547722557505166,1,"Day1-Plate5 Algae-Bacteria Growth Experiment","3/17/2018 14:16",6,4.833,79.091,4,5.292,122.112,"4","Axenic"
"53",5,1.15470053837925,1,"Day1-Plate1 Algae-Bacteria Growth Experiment","3/17/2018 13:38",5,4.444,95.231,7,7.141,107.121,"40","Native Bacterium"
"54",5,1.15470053837925,1,"Day1-Plate2 Algae-Bacteria Growth Experiment","3/17/2018 13:48",3,4.494,139.463,5,4.61,92.195,"40","Native Bacterium"
"55",5,1.15470053837925,1,"Day1-Plate3 Algae-Bacteria Growth Experiment","3/17/2018 13:57",7,6.457,89.406,6,10.105,165.355,"40","Native Bacterium"
"56",6,0.577350269189626,1,"Day1-Plate1 Algae-Bacteria Growth Experiment","3/17/2018 13:38",7,6.403,87.315,5,4.5,90,"41","Native Bacterium"
"57",6,0.577350269189626,1,"Day1-Plate3 Algae-Bacteria Growth Experiment","3/17/2018 13:57",5,5.809,124.489,3,5.167,160.345,"41","Native Bacterium"
"58",6,0.577350269189626,1,"Day1-Plate4 Algae-Bacteria Growth Experiment","3/17/2018 14:07",6,6.023,93.462,5,4.924,105.523,"41","Native Bacterium"
"59",252.666666666667,20.7391203070697,10,"Day10-Plate2 Algae-Bacteria Growth Experiment","3/26/2018 13:00",214,163.155,76.32,217,159.984,73.612,"25","Non-Native Bacterium"
"60",252.666666666667,20.7391203070697,10,"Day10-Plate3 Algae-Bacteria Growth Experiment","3/26/2018 13:10",285,83.951,29.422,273,91.474,33.534,"25","Non-Native Bacterium"
"61",252.666666666667,20.7391203070697,10,"Day10-Plate4 Algae-Bacteria Growth Experiment","3/26/2018 13:19",259,191.804,73.992,236,180.426,76.487,"25","Non-Native Bacterium"
"62",252.666666666667,59.5995898569035,10,"Day10-Plate2 Algae-Bacteria Growth Experiment","3/26/2018 13:00",172,70.684,41.016,171,67.542,39.447,"27","Non-Native Bacterium"
"63",252.666666666667,59.5995898569035,10,"Day10-Plate3 Algae-Bacteria Growth Experiment","3/26/2018 13:10",369,121.52,32.942,314,108.818,34.643,"27","Non-Native Bacterium"
"64",252.666666666667,59.5995898569035,10,"Day10-Plate4 Algae-Bacteria Growth Experiment","3/26/2018 13:19",217,147.626,68.135,185,126.37,68.144,"27","Non-Native Bacterium"
"65",286.333333333333,17.032648388055,10,"Day10-Plate1 Algae-Bacteria Growth Experiment","3/26/2018 12:44",286,87.381,30.517,264,84.582,32.066,"30","Non-Native Bacterium"
"66",286.333333333333,17.032648388055,10,"Day10-Plate4 Algae-Bacteria Growth Experiment","3/26/2018 13:19",316,265.209,83.986,298,248.864,83.387,"30","Non-Native Bacterium"
"67",286.333333333333,17.032648388055,10,"Day10-Plate5 Algae-Bacteria Growth Experiment","3/26/2018 13:28",257,133.416,52.003,206,97.263,47.317,"30","Non-Native Bacterium"
"68",253.333333333333,13.1951169419263,10,"Day10-Plate1 Algae-Bacteria Growth Experiment","3/26/2018 12:44",227,70.944,31.314,232,86.546,37.376,"31","Non-Native Bacterium"
"69",253.333333333333,13.1951169419263,10,"Day10-Plate3 Algae-Bacteria Growth Experiment","3/26/2018 13:10",268,91.076,34.026,252,77.092,30.592,"31","Non-Native Bacterium"
"70",253.333333333333,13.1951169419263,10,"Day10-Plate5 Algae-Bacteria Growth Experiment","3/26/2018 13:28",265,143.004,54.032,215,91.548,42.514,"31","Non-Native Bacterium"
"71",200.666666666667,11.4649223479466,10,"Day10-Plate1 Algae-Bacteria Growth Experiment","3/26/2018 12:44",205,76.695,37.453,199,77.722,39.1,"36","Non-Native Bacterium"
"72",200.666666666667,11.4649223479466,10,"Day10-Plate2 Algae-Bacteria Growth Experiment","3/26/2018 13:00",179,110.484,61.838,182,117.014,64.451,"36","Non-Native Bacterium"
"73",200.666666666667,11.4649223479466,10,"Day10-Plate3 Algae-Bacteria Growth Experiment","3/26/2018 13:10",218,88.025,40.358,179,75.425,42.216,"36","Non-Native Bacterium"
"74",265.666666666667,43.8038557409936,10,"Day10-Plate1 Algae-Bacteria Growth Experiment","3/26/2018 12:44",182,69.893,38.497,187,69.076,36.873,"37","Non-Native Bacterium"
"75",265.666666666667,43.8038557409936,10,"Day10-Plate3 Algae-Bacteria Growth Experiment","3/26/2018 13:10",285,120.616,42.272,262,113.372,43.235,"37","Non-Native Bacterium"
"76",265.666666666667,43.8038557409936,10,"Day10-Plate4 Algae-Bacteria Growth Experiment","3/26/2018 13:19",330,254.599,77.177,304,243.032,80.062,"37","Non-Native Bacterium"
"77",248.8,16.2708327998293,10,"Day10-Plate1 Algae-Bacteria Growth Experiment","3/26/2018 12:44",277,107.022,38.651,258,98.957,38.355,"4","Axenic"
"78",248.8,16.2708327998293,10,"Day10-Plate2 Algae-Bacteria Growth Experiment","3/26/2018 13:00",198,132.999,67.021,194,149.054,76.744,"4","Axenic"
"79",248.8,16.2708327998293,10,"Day10-Plate3 Algae-Bacteria Growth Experiment","3/26/2018 13:10",287,108.299,37.749,254,84.149,33.144,"4","Axenic"
"80",248.8,16.2708327998293,10,"Day10-Plate4 Algae-Bacteria Growth Experiment","3/26/2018 13:19",254,165.462,65.057,222,138.414,62.317,"4","Axenic"
"81",248.8,16.2708327998293,10,"Day10-Plate5 Algae-Bacteria Growth Experiment","3/26/2018 13:28",228,130.68,57.232,190,97.028,50.948,"4","Axenic"
"82",221.666666666667,13.119112436103,10,"Day10-Plate1 Algae-Bacteria Growth Experiment","3/26/2018 12:44",201,76.818,38.218,201,81.233,40.504,"40","Native Bacterium"
"83",221.666666666667,13.119112436103,10,"Day10-Plate2 Algae-Bacteria Growth Experiment","3/26/2018 13:00",246,159.441,64.931,243,151.368,62.263,"40","Native Bacterium"
"84",221.666666666667,13.119112436103,10,"Day10-Plate3 Algae-Bacteria Growth Experiment","3/26/2018 13:10",218,99.704,45.783,205,91.277,44.622,"40","Native Bacterium"
"85",283.666666666667,23.6807469852152,10,"Day10-Plate1 Algae-Bacteria Growth Experiment","3/26/2018 12:44",242,86.925,35.87,237,77.466,32.686,"41","Native Bacterium"
"86",283.666666666667,23.6807469852152,10,"Day10-Plate3 Algae-Bacteria Growth Experiment","3/26/2018 13:10",285,127.724,44.798,255,117.127,45.932,"41","Native Bacterium"
"87",283.666666666667,23.6807469852152,10,"Day10-Plate4 Algae-Bacteria Growth Experiment","3/26/2018 13:19",324,263.84,81.321,287,252.227,87.918,"41","Native Bacterium"
"88",241.333333333333,67.9713992140158,11,"Day11-Plate2 Algae-Bacteria Growth Experiment","3/27/2018 14:21",166,79.748,48.041,157,59.581,38.004,"25","Non-Native Bacterium"
"89",241.333333333333,67.9713992140158,11,"Day11-Plate3 Algae-Bacteria Growth Experiment","3/27/2018 14:31",181,92.596,51.221,171,94.57,55.412,"25","Non-Native Bacterium"
"90",241.333333333333,67.9713992140158,11,"Day11-Plate4 Algae-Bacteria Growth Experiment","3/27/2018 14:45",377,119.095,31.572,339,113.502,33.503,"25","Non-Native Bacterium"
"91",241.666666666667,64.6047813847998,11,"Day11-Plate2 Algae-Bacteria Growth Experiment","3/27/2018 14:21",159,70.988,44.74,153,72.265,47.095,"27","Non-Native Bacterium"
"92",241.666666666667,64.6047813847998,11,"Day11-Plate3 Algae-Bacteria Growth Experiment","3/27/2018 14:31",197,114.405,58.107,190,105.627,55.496,"27","Non-Native Bacterium"
"93",241.666666666667,64.6047813847998,11,"Day11-Plate4 Algae-Bacteria Growth Experiment","3/27/2018 14:45",369,146.979,39.808,323,118.043,36.558,"27","Non-Native Bacterium"
"94",339.333333333333,60.5979464265177,11,"Day11-Plate1 Algae-Bacteria Growth Experiment","3/27/2018 14:11",219,59.279,27.109,207,57.717,27.823,"30","Non-Native Bacterium"
"95",339.333333333333,60.5979464265177,11,"Day11-Plate4 Algae-Bacteria Growth Experiment","3/27/2018 14:45",387,126.451,32.694,354,118.496,33.431,"30","Non-Native Bacterium"
"96",339.333333333333,60.5979464265177,11,"Day11-Plate5 Algae-Bacteria Growth Experiment","3/27/2018 14:57",412,160.889,39.061,345,131.201,38.054,"30","Non-Native Bacterium"
"97",249,80.0333263917809,11,"Day11-Plate1 Algae-Bacteria Growth Experiment","3/27/2018 14:11",173,42.994,24.884,165,43.245,26.227,"31","Non-Native Bacterium"
"98",249,80.0333263917809,11,"Day11-Plate3 Algae-Bacteria Growth Experiment","3/27/2018 14:31",165,68.556,41.577,161,69.581,43.308,"31","Non-Native Bacterium"
"99",249,80.0333263917809,11,"Day11-Plate5 Algae-Bacteria Growth Experiment","3/27/2018 14:57",409,163.537,39.995,338,132.325,39.188,"31","Non-Native Bacterium"
"100",146.333333333333,2.84800124843918,11,"Day11-Plate1 Algae-Bacteria Growth Experiment","3/27/2018 14:11",152,45.26,29.82,140,55.019,39.268,"36","Non-Native Bacterium"
"101",146.333333333333,2.84800124843918,11,"Day11-Plate2 Algae-Bacteria Growth Experiment","3/27/2018 14:21",144,67.655,47.092,138,53.908,39.033,"36","Non-Native Bacterium"
"102",146.333333333333,2.84800124843918,11,"Day11-Plate3 Algae-Bacteria Growth Experiment","3/27/2018 14:31",143,60.451,42.241,126,55.998,44.6,"36","Non-Native Bacterium"
"103",226,67.9877439935562,11,"Day11-Plate1 Algae-Bacteria Growth Experiment","3/27/2018 14:11",135,39.984,29.545,132,33.202,25.132,"37","Non-Native Bacterium"
"104",226,67.9877439935562,11,"Day11-Plate3 Algae-Bacteria Growth Experiment","3/27/2018 14:31",184,137.238,74.496,180,134.428,74.59,"37","Non-Native Bacterium"
"105",226,67.9877439935562,11,"Day11-Plate4 Algae-Bacteria Growth Experiment","3/27/2018 14:45",359,186.958,52.094,339,178.313,52.617,"37","Non-Native Bacterium"
"106",220.8,11.5818824031329,11,"Day11-Plate1 Algae-Bacteria Growth Experiment","3/27/2018 14:11",231,63.836,27.635,216,60.733,28.117,"4","Axenic"
"107",220.8,11.5818824031329,11,"Day11-Plate2 Algae-Bacteria Growth Experiment","3/27/2018 14:21",195,114.873,59.01,191,111.888,58.683,"4","Axenic"
"108",220.8,11.5818824031329,11,"Day11-Plate3 Algae-Bacteria Growth Experiment","3/27/2018 14:31",216,139.39,64.665,212,139.553,65.827,"4","Axenic"
"109",220.8,11.5818824031329,11,"Day11-Plate4 Algae-Bacteria Growth Experiment","3/27/2018 14:45",260,121.771,46.895,204,106.974,52.524,"4","Axenic"
"110",220.8,11.5818824031329,11,"Day11-Plate5 Algae-Bacteria Growth Experiment","3/27/2018 14:57",202,77.359,38.339,179,64.285,35.98,"4","Axenic"
"111",164,10.0166528008778,11,"Day11-Plate1 Algae-Bacteria Growth Experiment","3/27/2018 14:11",160,52.563,32.829,159,51.276,32.249,"40","Native Bacterium"
"112",164,10.0166528008778,11,"Day11-Plate2 Algae-Bacteria Growth Experiment","3/27/2018 14:21",183,78.481,42.938,173,74.127,42.958,"40","Native Bacterium"
"113",164,10.0166528008778,11,"Day11-Plate3 Algae-Bacteria Growth Experiment","3/27/2018 14:31",149,74.164,49.738,144,70.335,48.768,"40","Native Bacterium"
"114",263.333333333333,65.0777312996628,11,"Day11-Plate1 Algae-Bacteria Growth Experiment","3/27/2018 14:11",216,66.187,30.69,204,70.559,34.663,"41","Native Bacterium"
"115",263.333333333333,65.0777312996628,11,"Day11-Plate3 Algae-Bacteria Growth Experiment","3/27/2018 14:31",182,97.419,53.658,178,102.126,57.303,"41","Native Bacterium"
"116",263.333333333333,65.0777312996628,11,"Day11-Plate4 Algae-Bacteria Growth Experiment","3/27/2018 14:45",392,183.401,46.786,335,150.974,45.067,"41","Native Bacterium"
"117",214.666666666667,56.2622826096173,12,"Day12-Plate2 Algae-Bacteria Growth Experiment","3/28/2018 13:17",319,134.028,42.044,300,117.604,39.216,"25","Non-Native Bacterium"
"118",214.666666666667,56.2622826096173,12,"Day12-Plate3 Algae-Bacteria Growth Experiment","3/28/2018 13:28",126,29.475,23.455,118,21.993,18.673,"25","Non-Native Bacterium"
"119",214.666666666667,56.2622826096173,12,"Day12-Plate4 Algae-Bacteria Growth Experiment","3/28/2018 13:38",199,52.603,26.375,173,34.775,20.153,"25","Non-Native Bacterium"
"120",197,24.6373699895098,12,"Day12-Plate2 Algae-Bacteria Growth Experiment","3/28/2018 13:17",246,89.871,36.599,228,97.867,42.924,"27","Non-Native Bacterium"
"121",197,24.6373699895098,12,"Day12-Plate3 Algae-Bacteria Growth Experiment","3/28/2018 13:28",168,35.317,20.966,144,22.082,15.323,"27","Non-Native Bacterium"
"122",197,24.6373699895098,12,"Day12-Plate4 Algae-Bacteria Growth Experiment","3/28/2018 13:38",177,44.431,25.118,154,42.844,27.801,"27","Non-Native Bacterium"
"123",295.666666666667,52.0555259101066,12,"Day12-Plate1 Algae-Bacteria Growth Experiment","3/28/2018 13:08",399,149.856,37.526,376,122.032,32.474,"30","Non-Native Bacterium"
"124",295.666666666667,52.0555259101066,12,"Day12-Plate4 Algae-Bacteria Growth Experiment","3/28/2018 13:38",233,68.822,29.481,219,58.35,26.617,"30","Non-Native Bacterium"
"125",295.666666666667,52.0555259101066,12,"Day12-Plate5 Algae-Bacteria Growth Experiment","3/28/2018 13:48",255,105.088,41.139,209,71.991,34.501,"30","Non-Native Bacterium"
"126",236.333333333333,56.8985451874162,12,"Day12-Plate1 Algae-Bacteria Growth Experiment","3/28/2018 13:08",333,114.756,34.415,313,121.307,38.784,"31","Non-Native Bacterium"
"127",236.333333333333,56.8985451874162,12,"Day12-Plate3 Algae-Bacteria Growth Experiment","3/28/2018 13:28",136,11.476,8.424,122,22.044,18.102,"31","Non-Native Bacterium"
"128",236.333333333333,56.8985451874162,12,"Day12-Plate5 Algae-Bacteria Growth Experiment","3/28/2018 13:48",240,89.599,37.367,182,61.178,33.614,"31","Non-Native Bacterium"
"129",259.333333333333,78.8613410430682,12,"Day12-Plate1 Algae-Bacteria Growth Experiment","3/28/2018 13:08",368,180.262,49.014,347,168.098,48.459,"36","Non-Native Bacterium"
"130",259.333333333333,78.8613410430682,12,"Day12-Plate2 Algae-Bacteria Growth Experiment","3/28/2018 13:17",304,135.46,44.608,288,124.685,43.293,"36","Non-Native Bacterium"
"131",259.333333333333,78.8613410430682,12,"Day12-Plate3 Algae-Bacteria Growth Experiment","3/28/2018 13:28",106,37.171,35.141,86,31.172,36.34,"36","Non-Native Bacterium"
"132",254,42.7239199200323,12,"Day12-Plate1 Algae-Bacteria Growth Experiment","3/28/2018 13:08",320,137.61,43.048,290,117.879,40.617,"37","Non-Native Bacterium"
"133",254,42.7239199200323,12,"Day12-Plate3 Algae-Bacteria Growth Experiment","3/28/2018 13:28",174,53.144,30.484,157,49.873,31.676,"37","Non-Native Bacterium"
"134",254,42.7239199200323,12,"Day12-Plate4 Algae-Bacteria Growth Experiment","3/28/2018 13:38",268,130.17,48.531,253,112.644,44.445,"37","Non-Native Bacterium"
"135",177.8,12.6071408336704,12,"Day12-Plate1 Algae-Bacteria Growth Experiment","3/28/2018 13:08",228,85.588,37.465,184,46.794,25.401,"4","Axenic"
"136",177.8,12.6071408336704,12,"Day12-Plate2 Algae-Bacteria Growth Experiment","3/28/2018 13:17",168,46.505,27.682,157,42.284,26.894,"4","Axenic"
"137",177.8,12.6071408336704,12,"Day12-Plate3 Algae-Bacteria Growth Experiment","3/28/2018 13:28",167,37.077,22.172,153,36.253,23.695,"4","Axenic"
"138",177.8,12.6071408336704,12,"Day12-Plate4 Algae-Bacteria Growth Experiment","3/28/2018 13:38",165,75.596,45.877,139,56.532,40.638,"4","Axenic"
"139",177.8,12.6071408336704,12,"Day12-Plate5 Algae-Bacteria Growth Experiment","3/28/2018 13:48",161,53.506,33.21,137,39.646,29.033,"4","Axenic"
"140",204.333333333333,56.3924738871342,12,"Day12-Plate1 Algae-Bacteria Growth Experiment","3/28/2018 13:08",228,89.792,39.306,221,96.161,43.49,"40","Native Bacterium"
"141",204.333333333333,56.3924738871342,12,"Day12-Plate2 Algae-Bacteria Growth Experiment","3/28/2018 13:17",288,128.951,44.757,265,124.737,47.011,"40","Native Bacterium"
"142",204.333333333333,56.3924738871342,12,"Day12-Plate3 Algae-Bacteria Growth Experiment","3/28/2018 13:28",97,31.52,32.607,93,27.065,28.998,"40","Native Bacterium"
"143",243,72.131823767322,12,"Day12-Plate1 Algae-Bacteria Growth Experiment","3/28/2018 13:08",386,181.355,47.037,370,167.601,45.311,"41","Native Bacterium"
"144",243,72.131823767322,12,"Day12-Plate3 Algae-Bacteria Growth Experiment","3/28/2018 13:28",155,51.605,33.389,136,45.197,33.233,"41","Native Bacterium"
"145",243,72.131823767322,12,"Day12-Plate4 Algae-Bacteria Growth Experiment","3/28/2018 13:38",188,69.724,37.153,158,57.673,36.451,"41","Native Bacterium"
"146",167.666666666667,69.7288398807202,13,"Day13-Plate2 Algae-Bacteria Growth Experiment","3/29/2018 13:13",120,35.712,29.788,122,31.261,25.554,"25","Non-Native Bacterium"
"147",167.666666666667,69.7288398807202,13,"Day13-Plate3 Algae-Bacteria Growth Experiment","3/29/2018 13:22",78,15.306,19.512,76,15.852,20.736,"25","Non-Native Bacterium"
"148",167.666666666667,69.7288398807202,13,"Day13-Plate4 Algae-Bacteria Growth Experiment","3/29/2018 13:31",305,97.803,32.043,258,84.898,32.92,"25","Non-Native Bacterium"
"149",151,40.7962416569631,13,"Day13-Plate2 Algae-Bacteria Growth Experiment","3/29/2018 13:13",119,36.093,30.274,115,27.364,23.703,"27","Non-Native Bacterium"
"150",151,40.7962416569631,13,"Day13-Plate3 Algae-Bacteria Growth Experiment","3/29/2018 13:22",102,21.404,20.961,103,14.595,14.124,"27","Non-Native Bacterium"
"151",151,40.7962416569631,13,"Day13-Plate4 Algae-Bacteria Growth Experiment","3/29/2018 13:31",232,59.704,25.784,195,58.142,29.749,"27","Non-Native Bacterium"
"152",238,39.344631145812,13,"Day13-Plate1 Algae-Bacteria Growth Experiment","3/29/2018 13:03",160,36.284,22.615,166,47.826,28.83,"30","Non-Native Bacterium"
"153",238,39.344631145812,13,"Day13-Plate4 Algae-Bacteria Growth Experiment","3/29/2018 13:31",286,260.141,90.994,265,239.079,90.143,"30","Non-Native Bacterium"
"154",238,39.344631145812,13,"Day13-Plate5 Algae-Bacteria Growth Experiment","3/29/2018 13:40",268,93.04,34.76,229,92.107,40.182,"30","Non-Native Bacterium"
"155",145.666666666667,31.5506647227035,13,"Day13-Plate1 Algae-Bacteria Growth Experiment","3/29/2018 13:03",123,24.197,19.619,124,23.38,18.838,"31","Non-Native Bacterium"
"156",145.666666666667,31.5506647227035,13,"Day13-Plate3 Algae-Bacteria Growth Experiment","3/29/2018 13:22",106,17.88,16.903,94,15.915,17.011,"31","Non-Native Bacterium"
"157",145.666666666667,31.5506647227035,13,"Day13-Plate5 Algae-Bacteria Growth Experiment","3/29/2018 13:40",208,72.648,34.871,168,63.903,38.012,"31","Non-Native Bacterium"
"158",116.333333333333,14.4952099367726,13,"Day13-Plate1 Algae-Bacteria Growth Experiment","3/29/2018 13:03",140,50.596,36.054,136,46.823,34.457,"36","Non-Native Bacterium"
"159",116.333333333333,14.4952099367726,13,"Day13-Plate2 Algae-Bacteria Growth Experiment","3/29/2018 13:13",119,39.054,32.819,113,38.492,34.097,"36","Non-Native Bacterium"
"160",116.333333333333,14.4952099367726,13,"Day13-Plate3 Algae-Bacteria Growth Experiment","3/29/2018 13:22",90,20.21,22.4,78,23.606,30.136,"36","Non-Native Bacterium"
"161",162.666666666667,59.6051824741589,13,"Day13-Plate1 Algae-Bacteria Growth Experiment","3/29/2018 13:03",91,26.458,28.933,95,27.683,29.106,"37","Non-Native Bacterium"
"162",162.666666666667,59.6051824741589,13,"Day13-Plate3 Algae-Bacteria Growth Experiment","3/29/2018 13:22",116,26.648,22.95,107,23.456,21.967,"37","Non-Native Bacterium"
"163",162.666666666667,59.6051824741589,13,"Day13-Plate4 Algae-Bacteria Growth Experiment","3/29/2018 13:31",281,165.503,58.875,265,143.828,54.207,"37","Non-Native Bacterium"
"164",150.4,34.7945398015263,13,"Day13-Plate1 Algae-Bacteria Growth Experiment","3/29/2018 13:03",138,37.098,26.796,136,33.783,24.922,"4","Axenic"
"165",150.4,34.7945398015263,13,"Day13-Plate2 Algae-Bacteria Growth Experiment","3/29/2018 13:13",114,20.757,18.226,105,21.178,20.256,"4","Axenic"
"166",150.4,34.7945398015263,13,"Day13-Plate3 Algae-Bacteria Growth Experiment","3/29/2018 13:22",117,22.515,19.281,105,15.273,14.485,"4","Axenic"
"167",150.4,34.7945398015263,13,"Day13-Plate4 Algae-Bacteria Growth Experiment","3/29/2018 13:31",287,171.108,59.596,239,124.299,52.105,"4","Axenic"
"168",150.4,34.7945398015263,13,"Day13-Plate5 Algae-Bacteria Growth Experiment","3/29/2018 13:40",96,23.127,24.063,89,19.685,22.118,"4","Axenic"
"169",100.666666666667,19.5476625485277,13,"Day13-Plate1 Algae-Bacteria Growth Experiment","3/29/2018 13:03",95,27.487,28.799,97,25.613,26.285,"40","Native Bacterium"
"170",100.666666666667,19.5476625485277,13,"Day13-Plate2 Algae-Bacteria Growth Experiment","3/29/2018 13:13",137,47.526,34.775,134,44.444,33.25,"40","Native Bacterium"
"171",100.666666666667,19.5476625485277,13,"Day13-Plate3 Algae-Bacteria Growth Experiment","3/29/2018 13:22",70,22.751,32.45,70,18.655,26.523,"40","Native Bacterium"
"172",208,65.2099174461472,13,"Day13-Plate1 Algae-Bacteria Growth Experiment","3/29/2018 13:03",181,58.078,32.146,187,51.376,27.425,"41","Native Bacterium"
"173",208,65.2099174461472,13,"Day13-Plate3 Algae-Bacteria Growth Experiment","3/29/2018 13:22",111,29.137,26.302,100,22.655,22.58,"41","Native Bacterium"
"174",208,65.2099174461472,13,"Day13-Plate4 Algae-Bacteria Growth Experiment","3/29/2018 13:31",332,163.771,49.329,283,128.461,45.393,"41","Native Bacterium"
"175",17,1,2,"Day2-Plate2 Algae-Bacteria Growth Experiment","3/18/2018 17:43",18,5.525,31.473,13,6.126,48.791,"25","Non-Native Bacterium"
"176",17,1,2,"Day2-Plate3 Algae-Bacteria Growth Experiment","3/18/2018 18:03",15,6.085,41.806,11,9.126,86.454,"25","Non-Native Bacterium"
"177",17,1,2,"Day2-Plate4 Algae-Bacteria Growth Experiment","3/18/2018 18:14",18,6.747,38.435,17,7.986,48.238,"25","Non-Native Bacterium"
"178",17,0.577350269189626,2,"Day2-Plate2 Algae-Bacteria Growth Experiment","3/18/2018 17:43",16,4.873,30.459,10,6.214,62.836,"27","Non-Native Bacterium"
"179",17,0.577350269189626,2,"Day2-Plate3 Algae-Bacteria Growth Experiment","3/18/2018 18:03",18,6.164,34.247,13,7.557,58.633,"27","Non-Native Bacterium"
"180",17,0.577350269189626,2,"Day2-Plate4 Algae-Bacteria Growth Experiment","3/18/2018 18:14",17,7.433,42.883,16,4.216,25.64,"27","Non-Native Bacterium"
"181",14.3333333333333,1.85592145427667,2,"Day2-Plate1 Algae-Bacteria Growth Experiment","3/18/2018 17:53",13,7.178,57.172,14,10.075,70.289,"30","Non-Native Bacterium"
"182",14.3333333333333,1.85592145427667,2,"Day2-Plate4 Algae-Bacteria Growth Experiment","3/18/2018 18:14",18,8,44.444,14,11.182,82.487,"30","Non-Native Bacterium"
"183",14.3333333333333,1.85592145427667,2,"Day2-Plate5 Algae-Bacteria Growth Experiment","3/18/2018 18:23",12,6.305,51.12,16,7.311,46.335,"30","Non-Native Bacterium"
"184",14,2.64575131106459,2,"Day2-Plate1 Algae-Bacteria Growth Experiment","3/18/2018 17:53",10,6.364,63.64,11,6.119,54.527,"31","Non-Native Bacterium"
"185",14,2.64575131106459,2,"Day2-Plate3 Algae-Bacteria Growth Experiment","3/18/2018 18:03",13,6.538,51.619,15,5.449,36.875,"31","Non-Native Bacterium"
"186",14,2.64575131106459,2,"Day2-Plate5 Algae-Bacteria Growth Experiment","3/18/2018 18:23",19,4.658,24.231,15,5.449,36.875,"31","Non-Native Bacterium"
"187",14.6666666666667,1.20185042515466,2,"Day2-Plate1 Algae-Bacteria Growth Experiment","3/18/2018 17:53",13,2.833,21.074,11,7.759,69.135,"36","Non-Native Bacterium"
"188",14.6666666666667,1.20185042515466,2,"Day2-Plate2 Algae-Bacteria Growth Experiment","3/18/2018 17:43",14,8.054,57.986,14,6.96,50.518,"36","Non-Native Bacterium"
"189",14.6666666666667,1.20185042515466,2,"Day2-Plate3 Algae-Bacteria Growth Experiment","3/18/2018 18:03",17,8.894,52.664,13,4.613,34.31,"36","Non-Native Bacterium"
"190",13.6666666666667,0.666666666666667,2,"Day2-Plate1 Algae-Bacteria Growth Experiment","3/18/2018 17:53",13,8.292,65.46,13,7.517,59.342,"37","Non-Native Bacterium"
"191",13.6666666666667,0.666666666666667,2,"Day2-Plate3 Algae-Bacteria Growth Experiment","3/18/2018 18:03",15,7.833,51.838,12,10.541,88.662,"37","Non-Native Bacterium"
"192",13.6666666666667,0.666666666666667,2,"Day2-Plate4 Algae-Bacteria Growth Experiment","3/18/2018 18:14",13,6.71,53.445,19,9.135,47.522,"37","Non-Native Bacterium"
"193",13.2,1.52970585407784,2,"Day2-Plate1 Algae-Bacteria Growth Experiment","3/18/2018 17:53",10,6.708,69.395,7,4.555,65.075,"4","Axenic"
"194",13.2,1.52970585407784,2,"Day2-Plate2 Algae-Bacteria Growth Experiment","3/18/2018 17:43",13,10.22,79.981,13,6.344,50.086,"4","Axenic"
"195",13.2,1.52970585407784,2,"Day2-Plate3 Algae-Bacteria Growth Experiment","3/18/2018 18:03",19,7.213,38.873,9,5.904,64.804,"4","Axenic"
"196",13.2,1.52970585407784,2,"Day2-Plate4 Algae-Bacteria Growth Experiment","3/18/2018 18:14",12,8.283,69.672,9,5.947,65.267,"4","Axenic"
"197",13.2,1.52970585407784,2,"Day2-Plate5 Algae-Bacteria Growth Experiment","3/18/2018 18:23",12,8.753,72.271,15,5.069,34.301,"4","Axenic"
"198",15,0.577350269189626,2,"Day2-Plate1 Algae-Bacteria Growth Experiment","3/18/2018 17:53",15,6.344,42.295,16,6.124,39.088,"40","Native Bacterium"
"199",15,0.577350269189626,2,"Day2-Plate2 Algae-Bacteria Growth Experiment","3/18/2018 17:43",14,6.167,42.692,12,6.538,54.486,"40","Native Bacterium"
"200",15,0.577350269189626,2,"Day2-Plate3 Algae-Bacteria Growth Experiment","3/18/2018 18:03",16,7.949,50.384,14,11.576,82.685,"40","Native Bacterium"
"201",14,1,2,"Day2-Plate1 Algae-Bacteria Growth Experiment","3/18/2018 17:53",12,10.362,87.153,10,8.411,87.013,"41","Native Bacterium"
"202",14,1,2,"Day2-Plate3 Algae-Bacteria Growth Experiment","3/18/2018 18:03",15,6.373,42.172,12,8.617,69.866,"41","Native Bacterium"
"203",14,1,2,"Day2-Plate4 Algae-Bacteria Growth Experiment","3/18/2018 18:14",15,7.801,51.627,10,3.346,32.731,"41","Native Bacterium"
"204",55.6666666666667,6.17341972581738,3,"Day3-Plate2 Algae-Bacteria Growth Experiment","3/19/2018 13:43",44,25.944,59.114,46,22.257,48.268,"25","Non-Native Bacterium"
"205",55.6666666666667,6.17341972581738,3,"Day3-Plate3 Algae-Bacteria Growth Experiment","3/19/2018 13:53",58,34.031,58.787,52,18.95,36.521,"25","Non-Native Bacterium"
"206",55.6666666666667,6.17341972581738,3,"Day3-Plate4 Algae-Bacteria Growth Experiment","3/19/2018 14:03",65,28.456,43.555,49,22.937,46.917,"25","Non-Native Bacterium"
"207",54.6666666666667,7.17247826378334,3,"Day3-Plate2 Algae-Bacteria Growth Experiment","3/19/2018 13:43",47,27.221,57.918,44,23.728,53.388,"27","Non-Native Bacterium"
"208",54.6666666666667,7.17247826378334,3,"Day3-Plate3 Algae-Bacteria Growth Experiment","3/19/2018 13:53",69,23.172,33.475,55,24.244,44.439,"27","Non-Native Bacterium"
"209",54.6666666666667,7.17247826378334,3,"Day3-Plate4 Algae-Bacteria Growth Experiment","3/19/2018 14:03",48,25.864,54.134,48,22.727,46.914,"27","Non-Native Bacterium"
"210",63,3.78593889720018,3,"Day3-Plate1 Algae-Bacteria Growth Experiment","3/19/2018 13:33",69,23.135,33.692,55,19.494,35.229,"30","Non-Native Bacterium"
"211",63,3.78593889720018,3,"Day3-Plate4 Algae-Bacteria Growth Experiment","3/19/2018 14:03",56,24.489,43.557,49,25.187,51.285,"30","Non-Native Bacterium"
"212",63,3.78593889720018,3,"Day3-Plate5 Algae-Bacteria Growth Experiment","3/19/2018 14:13",64,27.488,43.025,54,29.889,55.464,"30","Non-Native Bacterium"
"213",60,6.11010092660779,3,"Day3-Plate1 Algae-Bacteria Growth Experiment","3/19/2018 13:33",52,23.812,45.792,48,20.759,43.449,"31","Non-Native Bacterium"
"214",60,6.11010092660779,3,"Day3-Plate3 Algae-Bacteria Growth Experiment","3/19/2018 13:53",56,22.875,41.092,53,23.051,43.402,"31","Non-Native Bacterium"
"215",60,6.11010092660779,3,"Day3-Plate5 Algae-Bacteria Growth Experiment","3/19/2018 14:13",72,35.436,49.369,56,35.829,63.981,"31","Non-Native Bacterium"
"216",57.6666666666667,4.66666666666667,3,"Day3-Plate1 Algae-Bacteria Growth Experiment","3/19/2018 13:33",65,29.882,46.13,55,18.96,34.266,"36","Non-Native Bacterium"
"217",57.6666666666667,4.66666666666667,3,"Day3-Plate2 Algae-Bacteria Growth Experiment","3/19/2018 13:43",49,21.413,43.999,40,23.738,59.345,"36","Non-Native Bacterium"
"218",57.6666666666667,4.66666666666667,3,"Day3-Plate3 Algae-Bacteria Growth Experiment","3/19/2018 13:53",59,34.441,58.156,44,23.633,54.12,"36","Non-Native Bacterium"
"219",54,0,3,"Day3-Plate1 Algae-Bacteria Growth Experiment","3/19/2018 13:33",54,14.071,25.898,44,13.752,31.333,"37","Non-Native Bacterium"
"220",54,0,3,"Day3-Plate3 Algae-Bacteria Growth Experiment","3/19/2018 13:53",54,24.99,46.278,52,16.338,31.555,"37","Non-Native Bacterium"
"221",54,0,3,"Day3-Plate4 Algae-Bacteria Growth Experiment","3/19/2018 14:03",54,27.03,50.158,52,28.156,53.801,"37","Non-Native Bacterium"
"222",44.4,2.46170672501823,3,"Day3-Plate1 Algae-Bacteria Growth Experiment","3/19/2018 13:33",47,15.828,33.361,40,13.481,33.704,"4","Axenic"
"223",44.4,2.46170672501823,3,"Day3-Plate2 Algae-Bacteria Growth Experiment","3/19/2018 13:43",36,18.881,51.967,39,20.917,54.252,"4","Axenic"
"224",44.4,2.46170672501823,3,"Day3-Plate3 Algae-Bacteria Growth Experiment","3/19/2018 13:53",42,16.947,40.564,36,11.769,32.996,"4","Axenic"
"225",44.4,2.46170672501823,3,"Day3-Plate4 Algae-Bacteria Growth Experiment","3/19/2018 14:03",47,23.276,49.996,40,19.069,47.804,"4","Axenic"
"226",44.4,2.46170672501823,3,"Day3-Plate5 Algae-Bacteria Growth Experiment","3/19/2018 14:13",50,21.672,43.153,40,18.935,46.817,"4","Axenic"
"227",47.6666666666667,2.72845092395748,3,"Day3-Plate1 Algae-Bacteria Growth Experiment","3/19/2018 13:33",53,12.667,24,45,16.146,36.058,"40","Native Bacterium"
"228",47.6666666666667,2.72845092395748,3,"Day3-Plate2 Algae-Bacteria Growth Experiment","3/19/2018 13:43",44,24.323,55.42,43,17.064,39.481,"40","Native Bacterium"
"229",47.6666666666667,2.72845092395748,3,"Day3-Plate3 Algae-Bacteria Growth Experiment","3/19/2018 13:53",46,25.598,55.116,48,23.127,48.293,"40","Native Bacterium"
"230",54.3333333333333,6.35959467611297,3,"Day3-Plate1 Algae-Bacteria Growth Experiment","3/19/2018 13:33",47,23.935,50.804,33,16.203,48.447,"41","Native Bacterium"
"231",54.3333333333333,6.35959467611297,3,"Day3-Plate3 Algae-Bacteria Growth Experiment","3/19/2018 13:53",49,24.744,50.961,50,16.959,33.994,"41","Native Bacterium"
"232",54.3333333333333,6.35959467611297,3,"Day3-Plate4 Algae-Bacteria Growth Experiment","3/19/2018 14:03",67,29.882,44.453,44,20.689,47.5,"41","Native Bacterium"
"233",216.333333333333,24.2303757938483,4,"Day4-Plate2 Algae-Bacteria Growth Experiment","3/20/2018 14:21",169,71.444,42.33,157,58.942,37.49,"25","Non-Native Bacterium"
"234",216.333333333333,24.2303757938483,4,"Day4-Plate3 Algae-Bacteria Growth Experiment","3/20/2018 14:30",249,95.507,38.425,219,77.9,35.535,"25","Non-Native Bacterium"
"235",216.333333333333,24.2303757938483,4,"Day4-Plate4 Algae-Bacteria Growth Experiment","3/20/2018 14:40",231,80.662,34.986,196,66.061,33.686,"25","Non-Native Bacterium"
"236",226.666666666667,27.0329017639205,4,"Day4-Plate2 Algae-Bacteria Growth Experiment","3/20/2018 14:21",177,90.885,51.219,165,94.662,57.409,"27","Non-Native Bacterium"
"237",226.666666666667,27.0329017639205,4,"Day4-Plate3 Algae-Bacteria Growth Experiment","3/20/2018 14:30",270,107.732,39.967,219,90.328,41.204,"27","Non-Native Bacterium"
"238",226.666666666667,27.0329017639205,4,"Day4-Plate4 Algae-Bacteria Growth Experiment","3/20/2018 14:40",233,105.738,45.403,207,86.834,41.904,"27","Non-Native Bacterium"
"239",208,21.1266025033211,4,"Day4-Plate1 Algae-Bacteria Growth Experiment","3/20/2018 14:09",173,63.447,36.581,143,50.288,35.194,"30","Non-Native Bacterium"
"240",208,21.1266025033211,4,"Day4-Plate4 Algae-Bacteria Growth Experiment","3/20/2018 14:40",246,95.073,38.665,221,81.335,36.822,"30","Non-Native Bacterium"
"241",208,21.1266025033211,4,"Day4-Plate5 Algae-Bacteria Growth Experiment","3/20/2018 14:49",205,82.224,40.044,169,64.455,38.189,"30","Non-Native Bacterium"
"242",194.333333333333,7.31057073315377,4,"Day4-Plate1 Algae-Bacteria Growth Experiment","3/20/2018 14:09",180,63.307,35.17,149,54.9,36.763,"31","Non-Native Bacterium"
"243",194.333333333333,7.31057073315377,4,"Day4-Plate3 Algae-Bacteria Growth Experiment","3/20/2018 14:30",199,79.418,39.909,184,65.085,35.287,"31","Non-Native Bacterium"
"244",194.333333333333,7.31057073315377,4,"Day4-Plate5 Algae-Bacteria Growth Experiment","3/20/2018 14:49",204,86.032,42.173,157,64.118,40.811,"31","Non-Native Bacterium"
"245",201.333333333333,24.043941255774,4,"Day4-Plate1 Algae-Bacteria Growth Experiment","3/20/2018 14:09",183,93.348,50.886,162,78.456,48.297,"36","Non-Native Bacterium"
"246",201.333333333333,24.043941255774,4,"Day4-Plate2 Algae-Bacteria Growth Experiment","3/20/2018 14:21",172,77.825,45.364,172,75.039,43.74,"36","Non-Native Bacterium"
"247",201.333333333333,24.043941255774,4,"Day4-Plate3 Algae-Bacteria Growth Experiment","3/20/2018 14:30",249,130.022,52.264,204,109.944,53.894,"36","Non-Native Bacterium"
"248",203,18.1934053986603,4,"Day4-Plate1 Algae-Bacteria Growth Experiment","3/20/2018 14:09",172,73.817,42.917,155,62.607,40.334,"37","Non-Native Bacterium"
"249",203,18.1934053986603,4,"Day4-Plate3 Algae-Bacteria Growth Experiment","3/20/2018 14:30",235,104.317,44.39,218,102.368,46.91,"37","Non-Native Bacterium"
"250",203,18.1934053986603,4,"Day4-Plate4 Algae-Bacteria Growth Experiment","3/20/2018 14:40",202,108.813,53.987,189,104.53,55.242,"37","Non-Native Bacterium"
"251",149.4,11.6901668080485,4,"Day4-Plate1 Algae-Bacteria Growth Experiment","3/20/2018 14:09",122,48.28,39.502,106,34.267,32.328,"4","Axenic"
"252",149.4,11.6901668080485,4,"Day4-Plate2 Algae-Bacteria Growth Experiment","3/20/2018 14:21",136,52.535,38.566,127,51.372,40.486,"4","Axenic"
"253",149.4,11.6901668080485,4,"Day4-Plate3 Algae-Bacteria Growth Experiment","3/20/2018 14:30",155,53.64,34.706,147,57.832,39.223,"4","Axenic"
"254",149.4,11.6901668080485,4,"Day4-Plate4 Algae-Bacteria Growth Experiment","3/20/2018 14:40",191,95.274,49.94,150,80.492,53.661,"4","Axenic"
"255",149.4,11.6901668080485,4,"Day4-Plate5 Algae-Bacteria Growth Experiment","3/20/2018 14:49",143,66.183,46.354,118,54.47,46.074,"4","Axenic"
"256",173,3.78593889720018,4,"Day4-Plate1 Algae-Bacteria Growth Experiment","3/20/2018 14:09",167,82.485,49.458,152,75.262,49.551,"40","Native Bacterium"
"257",173,3.78593889720018,4,"Day4-Plate2 Algae-Bacteria Growth Experiment","3/20/2018 14:21",172,84.307,49.016,162,76.322,47.08,"40","Native Bacterium"
"258",173,3.78593889720018,4,"Day4-Plate3 Algae-Bacteria Growth Experiment","3/20/2018 14:30",180,102.06,56.595,182,102.27,56.158,"40","Native Bacterium"
"259",220.333333333333,29.6779004947752,4,"Day4-Plate1 Algae-Bacteria Growth Experiment","3/20/2018 14:09",162,81.886,50.582,140,65.6,46.82,"41","Native Bacterium"
"260",220.333333333333,29.6779004947752,4,"Day4-Plate3 Algae-Bacteria Growth Experiment","3/20/2018 14:30",259,110.69,42.792,247,105.896,42.911,"41","Native Bacterium"
"261",220.333333333333,29.6779004947752,4,"Day4-Plate4 Algae-Bacteria Growth Experiment","3/20/2018 14:40",240,112.028,46.743,196,88.317,45.085,"41","Native Bacterium"
"262",265.666666666667,39.0953250970553,5,"Day5-Plate2 Algae-Bacteria Growth Experiment","3/21/2018 13:20",217,87.652,40.434,199,77.408,38.855,"25","Non-Native Bacterium"
"263",265.666666666667,39.0953250970553,5,"Day5-Plate3 Algae-Bacteria Growth Experiment","3/21/2018 13:30",343,124.925,36.421,308,112.752,36.661,"25","Non-Native Bacterium"
"264",265.666666666667,39.0953250970553,5,"Day5-Plate4 Algae-Bacteria Growth Experiment","3/21/2018 13:39",237,87.479,36.928,213,82.028,38.491,"25","Non-Native Bacterium"
"265",264.666666666667,35.1678514808309,5,"Day5-Plate2 Algae-Bacteria Growth Experiment","3/21/2018 13:20",230,131.135,57.098,217,116.073,53.381,"27","Non-Native Bacterium"
"266",264.666666666667,35.1678514808309,5,"Day5-Plate3 Algae-Bacteria Growth Experiment","3/21/2018 13:30",335,128.974,38.487,261,103.703,39.665,"27","Non-Native Bacterium"
"267",264.666666666667,35.1678514808309,5,"Day5-Plate4 Algae-Bacteria Growth Experiment","3/21/2018 13:39",229,93.599,40.813,211,92.035,43.527,"27","Non-Native Bacterium"
"268",260.333333333333,5.23874454850057,5,"Day5-Plate1 Algae-Bacteria Growth Experiment","3/21/2018 13:11",264,106.757,40.387,220,78.292,35.569,"30","Non-Native Bacterium"
"269",260.333333333333,5.23874454850057,5,"Day5-Plate4 Algae-Bacteria Growth Experiment","3/21/2018 13:39",250,90.332,36.101,226,95.103,42.081,"30","Non-Native Bacterium"
"270",260.333333333333,5.23874454850057,5,"Day5-Plate5 Algae-Bacteria Growth Experiment","3/21/2018 13:49",267,113.387,42.432,232,97.128,41.785,"30","Non-Native Bacterium"
"271",273.666666666667,4.80740170061865,5,"Day5-Plate1 Algae-Bacteria Growth Experiment","3/21/2018 13:11",283,105.335,37.192,261,99.89,38.305,"31","Non-Native Bacterium"
"272",273.666666666667,4.80740170061865,5,"Day5-Plate3 Algae-Bacteria Growth Experiment","3/21/2018 13:30",267,103.216,38.642,249,109.654,44.038,"31","Non-Native Bacterium"
"273",273.666666666667,4.80740170061865,5,"Day5-Plate5 Algae-Bacteria Growth Experiment","3/21/2018 13:49",271,114.942,42.345,230,89.096,38.719,"31","Non-Native Bacterium"
"274",288.666666666667,40.4200170432643,5,"Day5-Plate1 Algae-Bacteria Growth Experiment","3/21/2018 13:11",290,150.998,52.128,244,127.937,52.505,"36","Non-Native Bacterium"
"275",288.666666666667,40.4200170432643,5,"Day5-Plate2 Algae-Bacteria Growth Experiment","3/21/2018 13:20",218,94.542,43.368,210,88.404,42.186,"36","Non-Native Bacterium"
"276",288.666666666667,40.4200170432643,5,"Day5-Plate3 Algae-Bacteria Growth Experiment","3/21/2018 13:30",358,184.124,51.384,268,139.085,51.854,"36","Non-Native Bacterium"
"277",240.333333333333,14.6211414663075,5,"Day5-Plate1 Algae-Bacteria Growth Experiment","3/21/2018 13:11",245,105.66,43.087,238,101.811,42.718,"37","Non-Native Bacterium"
"278",240.333333333333,14.6211414663075,5,"Day5-Plate3 Algae-Bacteria Growth Experiment","3/21/2018 13:30",263,112.78,42.864,233,104.55,44.936,"37","Non-Native Bacterium"
"279",240.333333333333,14.6211414663075,5,"Day5-Plate4 Algae-Bacteria Growth Experiment","3/21/2018 13:39",213,117.226,55.093,209,108.408,51.842,"37","Non-Native Bacterium"
"280",207.4,4.9254441424099,5,"Day5-Plate1 Algae-Bacteria Growth Experiment","3/21/2018 13:11",195,80.354,41.278,175,70.665,40.38,"4","Axenic"
"281",207.4,4.9254441424099,5,"Day5-Plate2 Algae-Bacteria Growth Experiment","3/21/2018 13:20",200,84.518,42.236,178,62.637,35.234,"4","Axenic"
"282",207.4,4.9254441424099,5,"Day5-Plate3 Algae-Bacteria Growth Experiment","3/21/2018 13:30",223,88.172,39.46,200,79.97,40.029,"4","Axenic"
"283",207.4,4.9254441424099,5,"Day5-Plate4 Algae-Bacteria Growth Experiment","3/21/2018 13:39",206,115.098,55.782,165,85.381,51.746,"4","Axenic"
"284",207.4,4.9254441424099,5,"Day5-Plate5 Algae-Bacteria Growth Experiment","3/21/2018 13:49",213,103.581,48.604,181,81.523,45.04,"4","Axenic"
"285",224.333333333333,10.9138036958299,5,"Day5-Plate1 Algae-Bacteria Growth Experiment","3/21/2018 13:11",231,109.848,47.576,207,95.637,46.103,"40","Native Bacterium"
"286",224.333333333333,10.9138036958299,5,"Day5-Plate2 Algae-Bacteria Growth Experiment","3/21/2018 13:20",203,97.115,47.866,201,101.846,50.642,"40","Native Bacterium"
"287",224.333333333333,10.9138036958299,5,"Day5-Plate3 Algae-Bacteria Growth Experiment","3/21/2018 13:30",239,136.883,57.353,231,126.409,54.67,"40","Native Bacterium"
"288",241,2.64575131106459,5,"Day5-Plate1 Algae-Bacteria Growth Experiment","3/21/2018 13:11",246,131.051,53.177,204,104.733,51.396,"41","Native Bacterium"
"289",241,2.64575131106459,5,"Day5-Plate3 Algae-Bacteria Growth Experiment","3/21/2018 13:30",240,105.622,44.07,205,81.208,39.678,"41","Native Bacterium"
"290",241,2.64575131106459,5,"Day5-Plate4 Algae-Bacteria Growth Experiment","3/21/2018 13:39",237,109.947,46.435,203,92.078,45.409,"41","Native Bacterium"
"291",345.333333333333,22.8205560356837,6,"Day6-Plate2 Algae-Bacteria Growth Experiment","3/22/2018 12:45",312,136.775,43.838,284,124.712,43.844,"25","Non-Native Bacterium"
"292",345.333333333333,22.8205560356837,6,"Day6-Plate3 Algae-Bacteria Growth Experiment","3/22/2018 12:55",389,150.02,38.566,349,135.6,38.829,"25","Non-Native Bacterium"
"293",345.333333333333,22.8205560356837,6,"Day6-Plate4 Algae-Bacteria Growth Experiment","3/22/2018 13:04",335,132.818,39.687,296,119.155,40.316,"25","Non-Native Bacterium"
"294",330,43.3628104870214,6,"Day6-Plate2 Algae-Bacteria Growth Experiment","3/22/2018 12:45",261,139.252,53.285,249,137.7,55.301,"27","Non-Native Bacterium"
"295",330,43.3628104870214,6,"Day6-Plate3 Algae-Bacteria Growth Experiment","3/22/2018 12:55",410,158.32,38.604,322,130.758,40.622,"27","Non-Native Bacterium"
"296",330,43.3628104870214,6,"Day6-Plate4 Algae-Bacteria Growth Experiment","3/22/2018 13:04",319,136.82,42.875,279,121.231,43.417,"27","Non-Native Bacterium"
"297",307,15.6204993518133,6,"Day6-Plate1 Algae-Bacteria Growth Experiment","3/22/2018 12:30",335,122.686,36.599,296,113.372,38.244,"30","Non-Native Bacterium"
"298",307,15.6204993518133,6,"Day6-Plate4 Algae-Bacteria Growth Experiment","3/22/2018 13:04",305,114.772,37.616,273,106.928,39.168,"30","Non-Native Bacterium"
"299",307,15.6204993518133,6,"Day6-Plate5 Algae-Bacteria Growth Experiment","3/22/2018 13:14",281,108.823,38.727,256,99.344,38.874,"30","Non-Native Bacterium"
"300",315.666666666667,18.2056157392285,6,"Day6-Plate1 Algae-Bacteria Growth Experiment","3/22/2018 12:30",350,133.248,38.095,324,112.8,34.839,"31","Non-Native Bacterium"
"301",315.666666666667,18.2056157392285,6,"Day6-Plate3 Algae-Bacteria Growth Experiment","3/22/2018 12:55",309,126.399,40.862,292,110.931,37.976,"31","Non-Native Bacterium"
"302",315.666666666667,18.2056157392285,6,"Day6-Plate5 Algae-Bacteria Growth Experiment","3/22/2018 13:14",288,121.318,42.059,272,115.078,42.377,"31","Non-Native Bacterium"
"303",364.333333333333,35.1488896616158,6,"Day6-Plate1 Algae-Bacteria Growth Experiment","3/22/2018 12:30",347,173.705,50.075,313,167.515,53.519,"36","Non-Native Bacterium"
"304",364.333333333333,35.1488896616158,6,"Day6-Plate2 Algae-Bacteria Growth Experiment","3/22/2018 12:45",314,142.009,45.178,319,143.968,45.178,"36","Non-Native Bacterium"
"305",364.333333333333,35.1488896616158,6,"Day6-Plate3 Algae-Bacteria Growth Experiment","3/22/2018 12:55",432,221.345,51.277,304,160.326,52.739,"36","Non-Native Bacterium"
"306",317.666666666667,14.4376052184718,6,"Day6-Plate1 Algae-Bacteria Growth Experiment","3/22/2018 12:30",335,132.993,39.686,317,122.093,38.461,"37","Non-Native Bacterium"
"307",317.666666666667,14.4376052184718,6,"Day6-Plate3 Algae-Bacteria Growth Experiment","3/22/2018 12:55",329,161.532,49.131,285,150.613,52.888,"37","Non-Native Bacterium"
"308",317.666666666667,14.4376052184718,6,"Day6-Plate4 Algae-Bacteria Growth Experiment","3/22/2018 13:04",289,163.914,56.783,265,152.422,57.493,"37","Non-Native Bacterium"
"309",248,12.3166553901617,6,"Day6-Plate1 Algae-Bacteria Growth Experiment","3/22/2018 12:30",246,100.711,40.976,211,90.489,42.796,"4","Axenic"
"310",248,12.3166553901617,6,"Day6-Plate2 Algae-Bacteria Growth Experiment","3/22/2018 12:45",272,104.013,38.178,251,96.494,38.461,"4","Axenic"
"311",248,12.3166553901617,6,"Day6-Plate3 Algae-Bacteria Growth Experiment","3/22/2018 12:55",277,110.702,39.901,246,93.762,38.184,"4","Axenic"
"312",248,12.3166553901617,6,"Day6-Plate4 Algae-Bacteria Growth Experiment","3/22/2018 13:04",210,107.933,51.288,165,79.783,48.484,"4","Axenic"
"313",248,12.3166553901617,6,"Day6-Plate5 Algae-Bacteria Growth Experiment","3/22/2018 13:14",235,121.78,51.772,213,107.083,50.274,"4","Axenic"
"314",301.666666666667,14.0988573217044,6,"Day6-Plate1 Algae-Bacteria Growth Experiment","3/22/2018 12:30",329,138.565,42.06,315,134.001,42.585,"40","Native Bacterium"
"315",301.666666666667,14.0988573217044,6,"Day6-Plate2 Algae-Bacteria Growth Experiment","3/22/2018 12:45",294,149.254,50.747,271,136.898,50.599,"40","Native Bacterium"
"316",301.666666666667,14.0988573217044,6,"Day6-Plate3 Algae-Bacteria Growth Experiment","3/22/2018 12:55",282,157.29,55.843,280,148.641,53.023,"40","Native Bacterium"
"317",328,29.5014123955673,6,"Day6-Plate1 Algae-Bacteria Growth Experiment","3/22/2018 12:30",299,155.955,52.237,271,146.587,54.18,"41","Native Bacterium"
"318",328,29.5014123955673,6,"Day6-Plate3 Algae-Bacteria Growth Experiment","3/22/2018 12:55",298,141.903,47.601,279,129.746,46.448,"41","Native Bacterium"
"319",328,29.5014123955673,6,"Day6-Plate4 Algae-Bacteria Growth Experiment","3/22/2018 13:04",387,188.413,48.671,285,135.598,47.634,"41","Native Bacterium"
"320",360,20.0083315979452,7,"Day7-Plate2 Algae-Bacteria Growth Experiment","3/23/2018 14:13",341,147.604,43.229,322,137.221,42.659,"25","Non-Native Bacterium"
"321",360,20.0083315979452,7,"Day7-Plate3 Algae-Bacteria Growth Experiment","3/23/2018 14:23",400,148.212,37.094,361,120.416,33.367,"25","Non-Native Bacterium"
"322",360,20.0083315979452,7,"Day7-Plate4 Algae-Bacteria Growth Experiment","3/23/2018 14:32",339,129.248,38.101,304,114.066,37.481,"25","Non-Native Bacterium"
"323",344,36.1708906903512,7,"Day7-Plate2 Algae-Bacteria Growth Experiment","3/23/2018 14:13",284,147.375,51.832,260,135.322,52.091,"27","Non-Native Bacterium"
"324",344,36.1708906903512,7,"Day7-Plate3 Algae-Bacteria Growth Experiment","3/23/2018 14:23",409,154.953,37.886,343,130.636,38.111,"27","Non-Native Bacterium"
"325",344,36.1708906903512,7,"Day7-Plate4 Algae-Bacteria Growth Experiment","3/23/2018 14:32",339,130.247,38.396,307,127.779,41.667,"27","Non-Native Bacterium"
"326",342,6.02771377334171,7,"Day7-Plate1 Algae-Bacteria Growth Experiment","3/23/2018 14:04",354,130.986,37.002,328,117.593,35.827,"30","Non-Native Bacterium"
"327",342,6.02771377334171,7,"Day7-Plate4 Algae-Bacteria Growth Experiment","3/23/2018 14:32",335,113.476,33.873,308,106.711,34.646,"30","Non-Native Bacterium"
"328",342,6.02771377334171,7,"Day7-Plate5 Algae-Bacteria Growth Experiment","3/23/2018 14:41",337,142.655,42.345,295,125.575,42.6,"30","Non-Native Bacterium"
"329",342.666666666667,8.9504810547317,7,"Day7-Plate1 Algae-Bacteria Growth Experiment","3/23/2018 14:04",358,128.568,35.913,343,122.643,35.756,"31","Non-Native Bacterium"
"330",342.666666666667,8.9504810547317,7,"Day7-Plate3 Algae-Bacteria Growth Experiment","3/23/2018 14:23",327,133.98,41.014,307,134.956,44.007,"31","Non-Native Bacterium"
"331",342.666666666667,8.9504810547317,7,"Day7-Plate5 Algae-Bacteria Growth Experiment","3/23/2018 14:41",343,139.307,40.588,302,118.839,39.38,"31","Non-Native Bacterium"
"332",365.333333333333,31.5189537333403,7,"Day7-Plate1 Algae-Bacteria Growth Experiment","3/23/2018 14:04",369,182.283,49.414,324,160.791,49.593,"36","Non-Native Bacterium"
"333",365.333333333333,31.5189537333403,7,"Day7-Plate2 Algae-Bacteria Growth Experiment","3/23/2018 14:13",309,148.632,48.066,310,143.538,46.236,"36","Non-Native Bacterium"
"334",365.333333333333,31.5189537333403,7,"Day7-Plate3 Algae-Bacteria Growth Experiment","3/23/2018 14:23",418,212.021,50.696,311,147.105,47.267,"36","Non-Native Bacterium"
"335",349.666666666667,25.0953736329583,7,"Day7-Plate1 Algae-Bacteria Growth Experiment","3/23/2018 14:04",357,143.878,40.327,342,131.43,38.442,"37","Non-Native Bacterium"
"336",349.666666666667,25.0953736329583,7,"Day7-Plate3 Algae-Bacteria Growth Experiment","3/23/2018 14:23",389,182.651,46.967,337,158.608,47.111,"37","Non-Native Bacterium"
"337",349.666666666667,25.0953736329583,7,"Day7-Plate4 Algae-Bacteria Growth Experiment","3/23/2018 14:32",303,159.082,52.522,289,162.766,56.299,"37","Non-Native Bacterium"
"338",287.4,11.3119405939034,7,"Day7-Plate1 Algae-Bacteria Growth Experiment","3/23/2018 14:04",294,111.959,38.038,272,109.12,40.085,"4","Axenic"
"339",287.4,11.3119405939034,7,"Day7-Plate2 Algae-Bacteria Growth Experiment","3/23/2018 14:13",298,116.851,39.183,254,100.701,39.663,"4","Axenic"
"340",287.4,11.3119405939034,7,"Day7-Plate3 Algae-Bacteria Growth Experiment","3/23/2018 14:23",312,116.456,37.273,273,103.596,37.932,"4","Axenic"
"341",287.4,11.3119405939034,7,"Day7-Plate4 Algae-Bacteria Growth Experiment","3/23/2018 14:32",245,130.929,53.344,213,111.911,52.623,"4","Axenic"
"342",287.4,11.3119405939034,7,"Day7-Plate5 Algae-Bacteria Growth Experiment","3/23/2018 14:41",288,156.035,54.221,260,130.534,50.291,"4","Axenic"
"343",316,21.0317220724631,7,"Day7-Plate1 Algae-Bacteria Growth Experiment","3/23/2018 14:04",358,150.323,42.003,340,142.954,42.059,"40","Native Bacterium"
"344",316,21.0317220724631,7,"Day7-Plate2 Algae-Bacteria Growth Experiment","3/23/2018 14:13",293,144.634,49.345,284,133.414,46.977,"40","Native Bacterium"
"345",316,21.0317220724631,7,"Day7-Plate3 Algae-Bacteria Growth Experiment","3/23/2018 14:23",297,155.235,52.268,286,146.298,51.213,"40","Native Bacterium"
"346",334,8.02080627701064,7,"Day7-Plate1 Algae-Bacteria Growth Experiment","3/23/2018 14:04",318,169.292,53.255,305,160.835,52.675,"41","Native Bacterium"
"347",334,8.02080627701064,7,"Day7-Plate3 Algae-Bacteria Growth Experiment","3/23/2018 14:23",343,159.547,46.455,304,132.03,43.479,"41","Native Bacterium"
"348",334,8.02080627701064,7,"Day7-Plate4 Algae-Bacteria Growth Experiment","3/23/2018 14:32",341,137.587,40.374,277,115.003,41.451,"41","Native Bacterium"
"349",335.666666666667,24.7004273467305,8,"Day8-Plate2 Algae-Bacteria Growth Experiment","3/24/2018 15:56",296,124.989,42.226,285,121.115,42.513,"25","Non-Native Bacterium"
"350",335.666666666667,24.7004273467305,8,"Day8-Plate3 Algae-Bacteria Growth Experiment","3/24/2018 16:05",381,137.173,36.046,342,117.139,34.251,"25","Non-Native Bacterium"
"351",335.666666666667,24.7004273467305,8,"Day8-Plate4 Algae-Bacteria Growth Experiment","3/24/2018 16:15",330,114.875,34.834,311,101.031,32.532,"25","Non-Native Bacterium"
"352",327.666666666667,46.4913373053996,8,"Day8-Plate2 Algae-Bacteria Growth Experiment","3/24/2018 15:56",246,123.029,49.989,252,125.016,49.544,"27","Non-Native Bacterium"
"353",327.666666666667,46.4913373053996,8,"Day8-Plate3 Algae-Bacteria Growth Experiment","3/24/2018 16:05",407,150.784,37.027,339,126.771,37.445,"27","Non-Native Bacterium"
"354",327.666666666667,46.4913373053996,8,"Day8-Plate4 Algae-Bacteria Growth Experiment","3/24/2018 16:15",330,119.032,36.034,297,123.751,41.714,"27","Non-Native Bacterium"
"355",341.666666666667,4.33333333333333,8,"Day8-Plate1 Algae-Bacteria Growth Experiment","3/24/2018 15:45",349,131.533,37.737,322,111.98,34.752,"30","Non-Native Bacterium"
"356",341.666666666667,4.33333333333333,8,"Day8-Plate4 Algae-Bacteria Growth Experiment","3/24/2018 16:15",342,125.411,36.634,319,118.141,37.035,"30","Non-Native Bacterium"
"357",341.666666666667,4.33333333333333,8,"Day8-Plate5 Algae-Bacteria Growth Experiment","3/24/2018 16:24",334,141.494,42.307,290,121.865,41.974,"30","Non-Native Bacterium"
"358",336.333333333333,9.35117342607036,8,"Day8-Plate1 Algae-Bacteria Growth Experiment","3/24/2018 15:45",328,104.313,31.824,331,121.311,36.601,"31","Non-Native Bacterium"
"359",336.333333333333,9.35117342607036,8,"Day8-Plate3 Algae-Bacteria Growth Experiment","3/24/2018 16:05",355,141.174,39.755,327,124.258,37.999,"31","Non-Native Bacterium"
"360",336.333333333333,9.35117342607036,8,"Day8-Plate5 Algae-Bacteria Growth Experiment","3/24/2018 16:24",326,138.315,42.399,300,121.191,40.442,"31","Non-Native Bacterium"
"361",330,26.1597655443112,8,"Day8-Plate1 Algae-Bacteria Growth Experiment","3/24/2018 15:45",309,150.607,48.722,271,128.096,47.19,"36","Non-Native Bacterium"
"362",330,26.1597655443112,8,"Day8-Plate2 Algae-Bacteria Growth Experiment","3/24/2018 15:56",299,125.505,41.944,297,129.756,43.623,"36","Non-Native Bacterium"
"363",330,26.1597655443112,8,"Day8-Plate3 Algae-Bacteria Growth Experiment","3/24/2018 16:05",382,183.824,48.08,278,131.933,47.42,"36","Non-Native Bacterium"
"364",328,14.1891977691952,8,"Day8-Plate1 Algae-Bacteria Growth Experiment","3/24/2018 15:45",310,119.066,38.353,304,117.723,38.767,"37","Non-Native Bacterium"
"365",328,14.1891977691952,8,"Day8-Plate3 Algae-Bacteria Growth Experiment","3/24/2018 16:05",356,163.14,45.883,324,153.271,47.355,"37","Non-Native Bacterium"
"366",328,14.1891977691952,8,"Day8-Plate4 Algae-Bacteria Growth Experiment","3/24/2018 16:15",318,172.614,54.338,301,161.537,53.687,"37","Non-Native Bacterium"
"367",290.2,21.7517815362328,8,"Day8-Plate1 Algae-Bacteria Growth Experiment","3/24/2018 15:45",262,93.742,35.84,227,78.6,34.659,"4","Axenic"
"368",290.2,21.7517815362328,8,"Day8-Plate2 Algae-Bacteria Growth Experiment","3/24/2018 15:56",307,109.845,35.729,279,102.91,36.915,"4","Axenic"
"369",290.2,21.7517815362328,8,"Day8-Plate3 Algae-Bacteria Growth Experiment","3/24/2018 16:05",368,144.092,39.167,321,137.278,42.825,"4","Axenic"
"370",290.2,21.7517815362328,8,"Day8-Plate4 Algae-Bacteria Growth Experiment","3/24/2018 16:15",265,140.6,52.968,234,128.571,54.971,"4","Axenic"
"371",290.2,21.7517815362328,8,"Day8-Plate5 Algae-Bacteria Growth Experiment","3/24/2018 16:24",249,123.708,49.771,224,113.072,50.579,"4","Axenic"
"372",322,3.60555127546399,8,"Day8-Plate1 Algae-Bacteria Growth Experiment","3/24/2018 15:45",327,132.991,40.656,315,129.681,41.198,"40","Native Bacterium"
"373",322,3.60555127546399,8,"Day8-Plate2 Algae-Bacteria Growth Experiment","3/24/2018 15:56",324,150.678,46.538,301,142.749,47.355,"40","Native Bacterium"
"374",322,3.60555127546399,8,"Day8-Plate3 Algae-Bacteria Growth Experiment","3/24/2018 16:05",315,166.893,53,288,150.25,52.11,"40","Native Bacterium"
"375",318.333333333333,15.6453756036018,8,"Day8-Plate1 Algae-Bacteria Growth Experiment","3/24/2018 15:45",290,137.929,47.635,259,131.451,50.732,"41","Native Bacterium"
"376",318.333333333333,15.6453756036018,8,"Day8-Plate3 Algae-Bacteria Growth Experiment","3/24/2018 16:05",344,151.139,43.964,306,141.166,46.082,"41","Native Bacterium"
"377",318.333333333333,15.6453756036018,8,"Day8-Plate4 Algae-Bacteria Growth Experiment","3/24/2018 16:15",321,145.384,45.338,285,126.987,44.592,"41","Native Bacterium"
"378",344,48.1248376620639,9,"Day9-Plate2 Algae-Bacteria Growth Experiment","3/25/2018 14:32",290,110.113,37.955,276,114.182,41.437,"25","Non-Native Bacterium"
"379",344,48.1248376620639,9,"Day9-Plate3 Algae-Bacteria Growth Experiment","3/25/2018 14:41",440,155.296,35.303,365,128.176,35.149,"25","Non-Native Bacterium"
"380",344,48.1248376620639,9,"Day9-Plate4 Algae-Bacteria Growth Experiment","3/25/2018 14:51",302,101.305,33.582,262,91.784,35.017,"25","Non-Native Bacterium"
"381",325.333333333333,53.3208318681462,9,"Day9-Plate2 Algae-Bacteria Growth Experiment","3/25/2018 14:32",238,106.576,44.759,220,98.841,44.837,"27","Non-Native Bacterium"
"382",325.333333333333,53.3208318681462,9,"Day9-Plate3 Algae-Bacteria Growth Experiment","3/25/2018 14:41",422,151.017,35.758,355,112.102,31.558,"27","Non-Native Bacterium"
"383",325.333333333333,53.3208318681462,9,"Day9-Plate4 Algae-Bacteria Growth Experiment","3/25/2018 14:51",316,105.403,33.32,265,90.692,34.209,"27","Non-Native Bacterium"
"384",329.333333333333,10.7134391199921,9,"Day9-Plate1 Algae-Bacteria Growth Experiment","3/25/2018 14:23",347,130.859,37.699,335,120.159,35.916,"30","Non-Native Bacterium"
"385",329.333333333333,10.7134391199921,9,"Day9-Plate4 Algae-Bacteria Growth Experiment","3/25/2018 14:51",331,121.142,36.636,298,106.399,35.758,"30","Non-Native Bacterium"
"386",329.333333333333,10.7134391199921,9,"Day9-Plate5 Algae-Bacteria Growth Experiment","3/25/2018 15:00",310,122.706,39.554,261,107.921,41.314,"30","Non-Native Bacterium"
"387",309,18.6815416922694,9,"Day9-Plate1 Algae-Bacteria Growth Experiment","3/25/2018 14:23",286,101.466,35.477,296,105.58,35.696,"31","Non-Native Bacterium"
"388",309,18.6815416922694,9,"Day9-Plate3 Algae-Bacteria Growth Experiment","3/25/2018 14:41",346,128.336,37.044,319,126.595,39.726,"31","Non-Native Bacterium"
"389",309,18.6815416922694,9,"Day9-Plate5 Algae-Bacteria Growth Experiment","3/25/2018 15:00",295,116.301,39.394,270,108.629,40.183,"31","Non-Native Bacterium"
"390",298,34.0783411176855,9,"Day9-Plate1 Algae-Bacteria Growth Experiment","3/25/2018 14:23",260,122.758,47.195,246,116.459,47.384,"36","Non-Native Bacterium"
"391",298,34.0783411176855,9,"Day9-Plate2 Algae-Bacteria Growth Experiment","3/25/2018 14:32",268,108.472,40.441,261,107.281,41.174,"36","Non-Native Bacterium"
"392",298,34.0783411176855,9,"Day9-Plate3 Algae-Bacteria Growth Experiment","3/25/2018 14:41",366,182.555,49.909,266,134.777,50.731,"36","Non-Native Bacterium"
"393",311,31.2409987036266,9,"Day9-Plate1 Algae-Bacteria Growth Experiment","3/25/2018 14:23",259,85.706,33.034,259,99.351,38.376,"37","Non-Native Bacterium"
"394",311,31.2409987036266,9,"Day9-Plate3 Algae-Bacteria Growth Experiment","3/25/2018 14:41",367,166.861,45.466,329,141.898,43.116,"37","Non-Native Bacterium"
"395",311,31.2409987036266,9,"Day9-Plate4 Algae-Bacteria Growth Experiment","3/25/2018 14:51",307,145.658,47.463,294,152.488,51.847,"37","Non-Native Bacterium"
"396",299.2,16.280049139975,9,"Day9-Plate1 Algae-Bacteria Growth Experiment","3/25/2018 14:23",303,114.433,37.739,290,121.196,41.824,"4","Axenic"
"397",299.2,16.280049139975,9,"Day9-Plate2 Algae-Bacteria Growth Experiment","3/25/2018 14:32",315,117.905,37.47,290,90.075,31.06,"4","Axenic"
"398",299.2,16.280049139975,9,"Day9-Plate3 Algae-Bacteria Growth Experiment","3/25/2018 14:41",347,144.57,41.65,293,110.455,37.698,"4","Axenic"
"399",299.2,16.280049139975,9,"Day9-Plate4 Algae-Bacteria Growth Experiment","3/25/2018 14:51",281,150.866,53.732,238,124.351,52.322,"4","Axenic"
"400",299.2,16.280049139975,9,"Day9-Plate5 Algae-Bacteria Growth Experiment","3/25/2018 15:00",250,130.064,52.095,219,95.187,43.553,"4","Axenic"
"401",293.666666666667,1.85592145427667,9,"Day9-Plate1 Algae-Bacteria Growth Experiment","3/25/2018 14:23",295,122.613,41.517,281,113.762,40.549,"40","Native Bacterium"
"402",293.666666666667,1.85592145427667,9,"Day9-Plate2 Algae-Bacteria Growth Experiment","3/25/2018 14:32",290,119.86,41.331,284,125.071,44.039,"40","Native Bacterium"
"403",293.666666666667,1.85592145427667,9,"Day9-Plate3 Algae-Bacteria Growth Experiment","3/25/2018 14:41",296,151.011,50.979,285,148.251,52.079,"40","Native Bacterium"
"404",307.333333333333,15.059142664102,9,"Day9-Plate1 Algae-Bacteria Growth Experiment","3/25/2018 14:23",288,119.743,41.578,283,132.429,46.868,"41","Native Bacterium"
"405",307.333333333333,15.059142664102,9,"Day9-Plate3 Algae-Bacteria Growth Experiment","3/25/2018 14:41",337,149.767,44.412,299,127.278,42.6,"41","Native Bacterium"
"406",307.333333333333,15.059142664102,9,"Day9-Plate4 Algae-Bacteria Growth Experiment","3/25/2018 14:51",297,136.421,45.899,249,106.836,42.83,"41","Native Bacterium"
