"","Mean","SE","Day_Treatment","Day","Plate.ID","Reading.Date.Time","Mean.RFU..Chl.a70.460.685.","Std.Dev.RFU..Chl.a70.460.685.","CV.RFU..Chl.a70.460.685.","Mean.RFU..Chl.a100.460.685.","Std.Dev.RFU..Chl.a100.460.685.","CV.RFU..Chl.a100.460.685.","Treatment","Native"
"1",6.8,0.860232526704263,"0_7",0,"Day0-Plate1 Algae-Bacteria Growth Experiment","3/16/2018 18:49",7,4.304,65.66,5,4.086,78.24,"7","Axenic"
"2",6.8,0.860232526704263,"0_7",0,"Day0-Plate2 Algae-Bacteria Growth Experiment","3/16/2018 19:03",6,4.246,76.426,6,4.197,68.671,"7","Axenic"
"3",6.8,0.860232526704263,"0_7",0,"Day0-Plate3 Algae-Bacteria Growth Experiment","3/16/2018 19:12",10,3.887,38.446,11,6.245,56.773,"7","Axenic"
"4",6.8,0.860232526704263,"0_7",0,"Day0-Plate4 Algae-Bacteria Growth Experiment","3/16/2018 19:22",5,6.16,117.956,4,2.848,73.234,"7","Axenic"
"5",6.8,0.860232526704263,"0_7",0,"Day0-Plate5 Algae-Bacteria Growth Experiment","3/16/2018 19:31",6,4.649,76.071,7,5.979,89.687,"7","Axenic"
"6",10,2.51661147842358,"0_76",0,"Day0-Plate1 Algae-Bacteria Growth Experiment","3/16/2018 18:49",7,3.779,57.64,8,7.778,97.227,"76","Non-Native Bacterium"
"7",10,2.51661147842358,"0_76",0,"Day0-Plate3 Algae-Bacteria Growth Experiment","3/16/2018 19:12",15,6.928,45.184,13,8.382,62.861,"76","Non-Native Bacterium"
"8",10,2.51661147842358,"0_76",0,"Day0-Plate4 Algae-Bacteria Growth Experiment","3/16/2018 19:22",8,6.062,75.777,7,2.048,30.217,"76","Non-Native Bacterium"
"9",10,0.577350269189626,"0_78",0,"Day0-Plate2 Algae-Bacteria Growth Experiment","3/16/2018 19:03",9,7.429,84.638,7,5.63,77.951,"78","Native Bacterium"
"10",10,0.577350269189626,"0_78",0,"Day0-Plate3 Algae-Bacteria Growth Experiment","3/16/2018 19:12",10,7.071,70.711,6,5.635,93.912,"78","Native Bacterium"
"11",10,0.577350269189626,"0_78",0,"Day0-Plate4 Algae-Bacteria Growth Experiment","3/16/2018 19:22",11,5.615,53.194,10,4.604,45.037,"78","Native Bacterium"
"12",8.33333333333333,1.20185042515466,"0_81",0,"Day0-Plate1 Algae-Bacteria Growth Experiment","3/16/2018 18:49",9,7.382,82.027,7,3.723,54.044,"81","Non-Native Bacterium"
"13",8.33333333333333,1.20185042515466,"0_81",0,"Day0-Plate3 Algae-Bacteria Growth Experiment","3/16/2018 19:12",6,4.558,70.732,11,6.044,52.81,"81","Non-Native Bacterium"
"14",8.33333333333333,1.20185042515466,"0_81",0,"Day0-Plate4 Algae-Bacteria Growth Experiment","3/16/2018 19:22",10,4.961,49.064,9,4.893,53.06,"81","Non-Native Bacterium"
"15",10,1.73205080756888,"0_82",0,"Day0-Plate1 Algae-Bacteria Growth Experiment","3/16/2018 18:49",7,6.22,86.13,7,4.69,63.96,"82","Non-Native Bacterium"
"16",10,1.73205080756888,"0_82",0,"Day0-Plate2 Algae-Bacteria Growth Experiment","3/16/2018 19:03",13,3.122,23.419,11,6.464,61.234,"82","Non-Native Bacterium"
"17",10,1.73205080756888,"0_82",0,"Day0-Plate4 Algae-Bacteria Growth Experiment","3/16/2018 19:22",10,6.964,69.642,9,6.685,72.492,"82","Non-Native Bacterium"
"18",6,1,"0_87",0,"Day0-Plate1 Algae-Bacteria Growth Experiment","3/16/2018 18:49",7,3.887,54.665,8,3.42,41.591,"87","Non-Native Bacterium"
"19",6,1,"0_87",0,"Day0-Plate2 Algae-Bacteria Growth Experiment","3/16/2018 19:03",7,5.563,77.023,7,5.911,81.85,"87","Non-Native Bacterium"
"20",6,1,"0_87",0,"Day0-Plate4 Algae-Bacteria Growth Experiment","3/16/2018 19:22",4,3.822,92.978,4,3.667,97.059,"87","Non-Native Bacterium"
"21",7,0,"0_88",0,"Day0-Plate2 Algae-Bacteria Growth Experiment","3/16/2018 19:03",7,6.051,85.088,12,4.4,37.01,"88","Non-Native Bacterium"
"22",7,0,"0_88",0,"Day0-Plate4 Algae-Bacteria Growth Experiment","3/16/2018 19:22",7,3.951,57.355,7,4.157,63.407,"88","Non-Native Bacterium"
"23",7,0,"0_88",0,"Day0-Plate5 Algae-Bacteria Growth Experiment","3/16/2018 19:31",7,4.936,69.408,8,4.5,54,"88","Non-Native Bacterium"
"24",8,1.52752523165195,"0_91",0,"Day0-Plate2 Algae-Bacteria Growth Experiment","3/16/2018 19:03",10,8.258,80.785,6,6.598,118.756,"91","Non-Native Bacterium"
"25",8,1.52752523165195,"0_91",0,"Day0-Plate4 Algae-Bacteria Growth Experiment","3/16/2018 19:22",5,6.403,120.059,11,7.661,71.084,"91","Non-Native Bacterium"
"26",8,1.52752523165195,"0_91",0,"Day0-Plate5 Algae-Bacteria Growth Experiment","3/16/2018 19:31",9,6.984,81.632,9,6.399,72.898,"91","Non-Native Bacterium"
"27",6.33333333333333,1.45296631451356,"0_92",0,"Day0-Plate1 Algae-Bacteria Growth Experiment","3/16/2018 18:49",6,5.783,92.943,9,5.51,60.477,"92","Non-Native Bacterium"
"28",6.33333333333333,1.45296631451356,"0_92",0,"Day0-Plate3 Algae-Bacteria Growth Experiment","3/16/2018 19:12",9,5.231,58.846,8,5.183,63.897,"92","Non-Native Bacterium"
"29",6.33333333333333,1.45296631451356,"0_92",0,"Day0-Plate4 Algae-Bacteria Growth Experiment","3/16/2018 19:22",4,4.301,107.529,8,7.196,85.212,"92","Non-Native Bacterium"
"30",4.2,1.74355957741627,"1_7",1,"Day1-Plate1 Algae-Bacteria Growth Experiment","3/17/2018 13:38",3,3.678,106.781,3,5.434,157.76,"7","Axenic"
"31",4.2,1.74355957741627,"1_7",1,"Day1-Plate2 Algae-Bacteria Growth Experiment","3/17/2018 13:48",6,7.061,119.908,4,5.454,125.87,"7","Axenic"
"32",4.2,1.74355957741627,"1_7",1,"Day1-Plate3 Algae-Bacteria Growth Experiment","3/17/2018 13:57",0,0.667,300,4,4.658,110.315,"7","Axenic"
"33",4.2,1.74355957741627,"1_7",1,"Day1-Plate4 Algae-Bacteria Growth Experiment","3/17/2018 14:07",2,3.333,176.471,5,2.667,52.174,"7","Axenic"
"34",4.2,1.74355957741627,"1_7",1,"Day1-Plate5 Algae-Bacteria Growth Experiment","3/17/2018 14:16",10,7.225,73.888,4,4.738,125.406,"7","Axenic"
"35",6,1.15470053837925,"1_76",1,"Day1-Plate1 Algae-Bacteria Growth Experiment","3/17/2018 13:38",8,6.852,88.092,6,4.842,83.803,"76","Non-Native Bacterium"
"36",6,1.15470053837925,"1_76",1,"Day1-Plate3 Algae-Bacteria Growth Experiment","3/17/2018 13:57",6,3.969,62.663,12,3.937,32.808,"76","Non-Native Bacterium"
"37",6,1.15470053837925,"1_76",1,"Day1-Plate4 Algae-Bacteria Growth Experiment","3/17/2018 14:07",4,4.106,99.881,7,7.067,104.269,"76","Non-Native Bacterium"
"38",4,1.52752523165195,"1_78",1,"Day1-Plate2 Algae-Bacteria Growth Experiment","3/17/2018 13:48",3,3.1,99.649,2,3.279,140.517,"78","Native Bacterium"
"39",4,1.52752523165195,"1_78",1,"Day1-Plate3 Algae-Bacteria Growth Experiment","3/17/2018 13:57",7,5.585,82.405,3,3.428,114.261,"78","Native Bacterium"
"40",4,1.52752523165195,"1_78",1,"Day1-Plate4 Algae-Bacteria Growth Experiment","3/17/2018 14:07",2,4.69,234.521,5,5.036,103.009,"78","Native Bacterium"
"41",7.33333333333333,1.20185042515466,"1_81",1,"Day1-Plate1 Algae-Bacteria Growth Experiment","3/17/2018 13:38",9,6.185,71.361,5,4.153,83.066,"81","Non-Native Bacterium"
"42",7.33333333333333,1.20185042515466,"1_81",1,"Day1-Plate3 Algae-Bacteria Growth Experiment","3/17/2018 13:57",5,5.657,106.066,5,5.457,100.229,"81","Non-Native Bacterium"
"43",7.33333333333333,1.20185042515466,"1_81",1,"Day1-Plate4 Algae-Bacteria Growth Experiment","3/17/2018 14:07",8,4.531,59.966,5,3.855,78.853,"81","Non-Native Bacterium"
"44",7,1.52752523165195,"1_82",1,"Day1-Plate1 Algae-Bacteria Growth Experiment","3/17/2018 13:38",4,4.79,113.448,5,4.197,82.107,"82","Non-Native Bacterium"
"45",7,1.52752523165195,"1_82",1,"Day1-Plate2 Algae-Bacteria Growth Experiment","3/17/2018 13:48",9,6.16,70.176,3,5.191,161.094,"82","Non-Native Bacterium"
"46",7,1.52752523165195,"1_82",1,"Day1-Plate4 Algae-Bacteria Growth Experiment","3/17/2018 14:07",8,6.839,90.522,3,2.291,85.923,"82","Non-Native Bacterium"
"47",7,1,"1_87",1,"Day1-Plate1 Algae-Bacteria Growth Experiment","3/17/2018 13:38",6,7.228,114.133,9,6.167,72.078,"87","Non-Native Bacterium"
"48",7,1,"1_87",1,"Day1-Plate2 Algae-Bacteria Growth Experiment","3/17/2018 13:48",6,5.776,94.515,4,5.776,148.523,"87","Non-Native Bacterium"
"49",7,1,"1_87",1,"Day1-Plate4 Algae-Bacteria Growth Experiment","3/17/2018 14:07",9,3.833,41.566,5,4.978,91.428,"87","Non-Native Bacterium"
"50",5.66666666666667,0.881917103688197,"1_88",1,"Day1-Plate2 Algae-Bacteria Growth Experiment","3/17/2018 13:48",6,6.265,110.559,3,4.822,160.728,"88","Non-Native Bacterium"
"51",5.66666666666667,0.881917103688197,"1_88",1,"Day1-Plate4 Algae-Bacteria Growth Experiment","3/17/2018 14:07",4,4.014,103.214,4,4.503,101.319,"88","Non-Native Bacterium"
"52",5.66666666666667,0.881917103688197,"1_88",1,"Day1-Plate5 Algae-Bacteria Growth Experiment","3/17/2018 14:16",7,5.548,74.522,4,4.093,94.446,"88","Non-Native Bacterium"
"53",3.33333333333333,0.881917103688197,"1_91",1,"Day1-Plate2 Algae-Bacteria Growth Experiment","3/17/2018 13:48",3,5.286,164.056,4,4.953,139.291,"91","Non-Native Bacterium"
"54",3.33333333333333,0.881917103688197,"1_91",1,"Day1-Plate4 Algae-Bacteria Growth Experiment","3/17/2018 14:07",2,3.42,153.887,7,9.075,131.738,"91","Non-Native Bacterium"
"55",3.33333333333333,0.881917103688197,"1_91",1,"Day1-Plate5 Algae-Bacteria Growth Experiment","3/17/2018 14:16",5,4.555,97.612,6,6.882,116.863,"91","Non-Native Bacterium"
"56",6.33333333333333,0.333333333333333,"1_92",1,"Day1-Plate1 Algae-Bacteria Growth Experiment","3/17/2018 13:38",6,6.809,111.418,4,5.89,155.917,"92","Non-Native Bacterium"
"57",6.33333333333333,0.333333333333333,"1_92",1,"Day1-Plate3 Algae-Bacteria Growth Experiment","3/17/2018 13:57",6,5.27,81.783,2,2.345,100.509,"92","Non-Native Bacterium"
"58",6.33333333333333,0.333333333333333,"1_92",1,"Day1-Plate4 Algae-Bacteria Growth Experiment","3/17/2018 14:07",7,6.598,100.641,3,3.219,103.464,"92","Non-Native Bacterium"
"59",291.2,22.4240941846042,"10_7",10,"Day10-Plate1 Algae-Bacteria Growth Experiment","3/26/2018 12:44",317,130.234,41.026,254,100.035,39.453,"7","Axenic"
"60",291.2,22.4240941846042,"10_7",10,"Day10-Plate2 Algae-Bacteria Growth Experiment","3/26/2018 13:00",236,160.56,68.002,209,129.051,61.681,"7","Axenic"
"61",291.2,22.4240941846042,"10_7",10,"Day10-Plate3 Algae-Bacteria Growth Experiment","3/26/2018 13:10",355,124.561,35.088,352,118.214,33.615,"7","Axenic"
"62",291.2,22.4240941846042,"10_7",10,"Day10-Plate4 Algae-Bacteria Growth Experiment","3/26/2018 13:19",245,196.843,80.453,257,207.646,80.866,"7","Axenic"
"63",291.2,22.4240941846042,"10_7",10,"Day10-Plate5 Algae-Bacteria Growth Experiment","3/26/2018 13:28",303,215.633,71.166,295,193.897,65.703,"7","Axenic"
"64",319.666666666667,52.6508415043018,"10_76",10,"Day10-Plate1 Algae-Bacteria Growth Experiment","3/26/2018 12:44",422,163.618,38.731,335,135.964,40.586,"76","Non-Native Bacterium"
"65",319.666666666667,52.6508415043018,"10_76",10,"Day10-Plate3 Algae-Bacteria Growth Experiment","3/26/2018 13:10",247,116.784,47.281,240,106.077,44.117,"76","Non-Native Bacterium"
"66",319.666666666667,52.6508415043018,"10_76",10,"Day10-Plate4 Algae-Bacteria Growth Experiment","3/26/2018 13:19",290,193.841,66.893,284,195.046,68.597,"76","Non-Native Bacterium"
"67",317.333333333333,45.5570460460777,"10_78",10,"Day10-Plate2 Algae-Bacteria Growth Experiment","3/26/2018 13:00",252,192.999,76.655,234,182.154,77.955,"78","Native Bacterium"
"68",317.333333333333,45.5570460460777,"10_78",10,"Day10-Plate3 Algae-Bacteria Growth Experiment","3/26/2018 13:10",405,190.758,47.139,366,173.693,47.428,"78","Native Bacterium"
"69",317.333333333333,45.5570460460777,"10_78",10,"Day10-Plate4 Algae-Bacteria Growth Experiment","3/26/2018 13:19",295,233.346,79.19,310,230.34,74.303,"78","Native Bacterium"
"70",375,28.1839197652373,"10_81",10,"Day10-Plate1 Algae-Bacteria Growth Experiment","3/26/2018 12:44",429,170.399,39.761,375,145.084,38.723,"81","Non-Native Bacterium"
"71",375,28.1839197652373,"10_81",10,"Day10-Plate3 Algae-Bacteria Growth Experiment","3/26/2018 13:10",362,147.619,40.741,328,123.585,37.704,"81","Non-Native Bacterium"
"72",375,28.1839197652373,"10_81",10,"Day10-Plate4 Algae-Bacteria Growth Experiment","3/26/2018 13:19",334,260.895,78.06,340,251.524,74.074,"81","Non-Native Bacterium"
"73",366.333333333333,41.8980243501343,"10_82",10,"Day10-Plate1 Algae-Bacteria Growth Experiment","3/26/2018 12:44",445,178.999,40.255,322,122.271,37.999,"82","Non-Native Bacterium"
"74",366.333333333333,41.8980243501343,"10_82",10,"Day10-Plate2 Algae-Bacteria Growth Experiment","3/26/2018 13:00",302,156.308,51.758,269,129.372,48.134,"82","Non-Native Bacterium"
"75",366.333333333333,41.8980243501343,"10_82",10,"Day10-Plate4 Algae-Bacteria Growth Experiment","3/26/2018 13:19",352,272.259,77.322,341,258.699,75.89,"82","Non-Native Bacterium"
"76",397.333333333333,35.4604631166098,"10_87",10,"Day10-Plate1 Algae-Bacteria Growth Experiment","3/26/2018 12:44",467,195.689,41.873,421,172.111,40.892,"87","Non-Native Bacterium"
"77",397.333333333333,35.4604631166098,"10_87",10,"Day10-Plate2 Algae-Bacteria Growth Experiment","3/26/2018 13:00",351,152.237,43.331,292,129.723,44.375,"87","Non-Native Bacterium"
"78",397.333333333333,35.4604631166098,"10_87",10,"Day10-Plate4 Algae-Bacteria Growth Experiment","3/26/2018 13:19",374,216.22,57.779,365,202.641,55.569,"87","Non-Native Bacterium"
"79",311,35.5011736895181,"10_88",10,"Day10-Plate2 Algae-Bacteria Growth Experiment","3/26/2018 13:00",275,113.93,41.362,242,92.954,38.376,"88","Non-Native Bacterium"
"80",311,35.5011736895181,"10_88",10,"Day10-Plate4 Algae-Bacteria Growth Experiment","3/26/2018 13:19",276,187.391,67.95,276,191.066,69.199,"88","Non-Native Bacterium"
"81",311,35.5011736895181,"10_88",10,"Day10-Plate5 Algae-Bacteria Growth Experiment","3/26/2018 13:28",382,223.325,58.496,336,177.476,52.838,"88","Non-Native Bacterium"
"82",315.333333333333,38.1109491412172,"10_91",10,"Day10-Plate2 Algae-Bacteria Growth Experiment","3/26/2018 13:00",314,128.368,40.939,295,118.833,40.267,"91","Non-Native Bacterium"
"83",315.333333333333,38.1109491412172,"10_91",10,"Day10-Plate4 Algae-Bacteria Growth Experiment","3/26/2018 13:19",250,132.608,52.973,273,138.501,50.733,"91","Non-Native Bacterium"
"84",315.333333333333,38.1109491412172,"10_91",10,"Day10-Plate5 Algae-Bacteria Growth Experiment","3/26/2018 13:28",382,215.015,56.336,374,219.291,58.651,"91","Non-Native Bacterium"
"85",352.333333333333,15.7091622239309,"10_92",10,"Day10-Plate1 Algae-Bacteria Growth Experiment","3/26/2018 12:44",366,147.973,40.417,319,122.266,38.288,"92","Non-Native Bacterium"
"86",352.333333333333,15.7091622239309,"10_92",10,"Day10-Plate3 Algae-Bacteria Growth Experiment","3/26/2018 13:10",370,172.387,46.549,345,165.855,48.074,"92","Non-Native Bacterium"
"87",352.333333333333,15.7091622239309,"10_92",10,"Day10-Plate4 Algae-Bacteria Growth Experiment","3/26/2018 13:19",321,257.169,80.004,327,267.894,81.98,"92","Non-Native Bacterium"
"88",335,5.32916503778969,"11_7",11,"Day11-Plate1 Algae-Bacteria Growth Experiment","3/27/2018 14:11",322,133.415,41.462,276,116.658,42.25,"7","Axenic"
"89",335,5.32916503778969,"11_7",11,"Day11-Plate2 Algae-Bacteria Growth Experiment","3/27/2018 14:21",337,163.049,48.335,281,130.056,46.265,"7","Axenic"
"90",335,5.32916503778969,"11_7",11,"Day11-Plate3 Algae-Bacteria Growth Experiment","3/27/2018 14:31",350,301.869,86.276,352,303.31,86.113,"7","Axenic"
"91",335,5.32916503778969,"11_7",11,"Day11-Plate4 Algae-Bacteria Growth Experiment","3/27/2018 14:45",342,133.138,38.942,346,140.449,40.605,"7","Axenic"
"92",335,5.32916503778969,"11_7",11,"Day11-Plate5 Algae-Bacteria Growth Experiment","3/27/2018 14:57",324,163.453,50.396,310,153.63,49.487,"7","Axenic"
"93",361,51.5396287659635,"11_76",11,"Day11-Plate1 Algae-Bacteria Growth Experiment","3/27/2018 14:11",416,161.961,38.964,372,162.659,43.752,"76","Non-Native Bacterium"
"94",361,51.5396287659635,"11_76",11,"Day11-Plate3 Algae-Bacteria Growth Experiment","3/27/2018 14:31",258,126.527,49.105,256,124.724,48.657,"76","Non-Native Bacterium"
"95",361,51.5396287659635,"11_76",11,"Day11-Plate4 Algae-Bacteria Growth Experiment","3/27/2018 14:45",409,161.235,39.465,415,163.879,39.468,"76","Non-Native Bacterium"
"96",400,6.50640709864771,"11_78",11,"Day11-Plate2 Algae-Bacteria Growth Experiment","3/27/2018 14:21",387,280.292,72.406,353,260.58,73.819,"78","Native Bacterium"
"97",400,6.50640709864771,"11_78",11,"Day11-Plate3 Algae-Bacteria Growth Experiment","3/27/2018 14:31",406,183.623,45.19,361,159.028,43.998,"78","Native Bacterium"
"98",400,6.50640709864771,"11_78",11,"Day11-Plate4 Algae-Bacteria Growth Experiment","3/27/2018 14:45",407,146.178,35.906,420,158.607,37.734,"78","Native Bacterium"
"99",399.666666666667,14.7685852779171,"11_81",11,"Day11-Plate1 Algae-Bacteria Growth Experiment","3/27/2018 14:11",424,166.618,39.256,384,135.03,35.174,"81","Non-Native Bacterium"
"100",399.666666666667,14.7685852779171,"11_81",11,"Day11-Plate3 Algae-Bacteria Growth Experiment","3/27/2018 14:31",402,283.721,70.558,362,238.252,65.836,"81","Non-Native Bacterium"
"101",399.666666666667,14.7685852779171,"11_81",11,"Day11-Plate4 Algae-Bacteria Growth Experiment","3/27/2018 14:45",373,169.569,45.501,386,185.105,47.968,"81","Non-Native Bacterium"
"102",441.333333333333,23.3975307339139,"11_82",11,"Day11-Plate1 Algae-Bacteria Growth Experiment","3/27/2018 14:11",488,182.172,37.305,416,176.141,42.375,"82","Non-Native Bacterium"
"103",441.333333333333,23.3975307339139,"11_82",11,"Day11-Plate2 Algae-Bacteria Growth Experiment","3/27/2018 14:21",415,210.581,50.688,353,179.741,50.934,"82","Non-Native Bacterium"
"104",441.333333333333,23.3975307339139,"11_82",11,"Day11-Plate4 Algae-Bacteria Growth Experiment","3/27/2018 14:45",421,155.019,36.851,432,146.687,33.929,"82","Non-Native Bacterium"
"105",455,28.2134719593318,"11_87",11,"Day11-Plate1 Algae-Bacteria Growth Experiment","3/27/2018 14:11",511,194.463,38.031,471,177.497,37.685,"87","Non-Native Bacterium"
"106",455,28.2134719593318,"11_87",11,"Day11-Plate2 Algae-Bacteria Growth Experiment","3/27/2018 14:21",433,186.277,42.998,356,155.851,43.724,"87","Non-Native Bacterium"
"107",455,28.2134719593318,"11_87",11,"Day11-Plate4 Algae-Bacteria Growth Experiment","3/27/2018 14:45",421,193.541,45.96,408,193.401,47.454,"87","Non-Native Bacterium"
"108",402,9.16515138991168,"11_88",11,"Day11-Plate2 Algae-Bacteria Growth Experiment","3/27/2018 14:21",390,171.571,43.943,321,137.53,42.815,"88","Non-Native Bacterium"
"109",402,9.16515138991168,"11_88",11,"Day11-Plate4 Algae-Bacteria Growth Experiment","3/27/2018 14:45",396,137.094,34.591,407,154.142,37.883,"88","Non-Native Bacterium"
"110",402,9.16515138991168,"11_88",11,"Day11-Plate5 Algae-Bacteria Growth Experiment","3/27/2018 14:57",420,207.845,49.526,364,181.134,49.762,"88","Non-Native Bacterium"
"111",422.333333333333,26.2382248722059,"11_91",11,"Day11-Plate2 Algae-Bacteria Growth Experiment","3/27/2018 14:21",415,174.58,42.045,396,184.007,46.479,"91","Non-Native Bacterium"
"112",422.333333333333,26.2382248722059,"11_91",11,"Day11-Plate4 Algae-Bacteria Growth Experiment","3/27/2018 14:45",381,188.53,49.526,379,190.55,50.248,"91","Non-Native Bacterium"
"113",422.333333333333,26.2382248722059,"11_91",11,"Day11-Plate5 Algae-Bacteria Growth Experiment","3/27/2018 14:57",471,185.447,39.373,424,173.793,41.032,"91","Non-Native Bacterium"
"114",371.666666666667,17.9474541679624,"11_92",11,"Day11-Plate1 Algae-Bacteria Growth Experiment","3/27/2018 14:11",386,169.67,43.943,377,155.448,41.196,"92","Non-Native Bacterium"
"115",371.666666666667,17.9474541679624,"11_92",11,"Day11-Plate3 Algae-Bacteria Growth Experiment","3/27/2018 14:31",336,253.309,75.34,323,248.619,76.866,"92","Non-Native Bacterium"
"116",371.666666666667,17.9474541679624,"11_92",11,"Day11-Plate4 Algae-Bacteria Growth Experiment","3/27/2018 14:45",393,169.621,43.148,409,159.996,39.087,"92","Non-Native Bacterium"
"117",336,22.9128784747792,"12_7",12,"Day12-Plate1 Algae-Bacteria Growth Experiment","3/28/2018 13:08",297,113.321,38.155,235,80.725,34.351,"7","Axenic"
"118",336,22.9128784747792,"12_7",12,"Day12-Plate2 Algae-Bacteria Growth Experiment","3/28/2018 13:17",339,140.285,41.396,274,111.178,40.543,"7","Axenic"
"119",336,22.9128784747792,"12_7",12,"Day12-Plate3 Algae-Bacteria Growth Experiment","3/28/2018 13:28",421,151.136,35.909,427,158.125,37.022,"7","Axenic"
"120",336,22.9128784747792,"12_7",12,"Day12-Plate4 Algae-Bacteria Growth Experiment","3/28/2018 13:38",328,125.045,38.085,348,134.415,38.613,"7","Axenic"
"121",336,22.9128784747792,"12_7",12,"Day12-Plate5 Algae-Bacteria Growth Experiment","3/28/2018 13:48",295,153.71,52.085,303,140.174,46.279,"7","Axenic"
"122",351.333333333333,51.4921784783325,"12_76",12,"Day12-Plate1 Algae-Bacteria Growth Experiment","3/28/2018 13:08",374,163.634,43.804,290,116.15,40.098,"76","Non-Native Bacterium"
"123",351.333333333333,51.4921784783325,"12_76",12,"Day12-Plate3 Algae-Bacteria Growth Experiment","3/28/2018 13:28",253,117.302,46.385,244,111.955,45.946,"76","Non-Native Bacterium"
"124",351.333333333333,51.4921784783325,"12_76",12,"Day12-Plate4 Algae-Bacteria Growth Experiment","3/28/2018 13:38",427,177.016,41.456,417,169.712,40.655,"76","Non-Native Bacterium"
"125",442.666666666667,21.865752013391,"12_78",12,"Day12-Plate2 Algae-Bacteria Growth Experiment","3/28/2018 13:17",431,142.749,33.129,386,133.029,34.424,"78","Native Bacterium"
"126",442.666666666667,21.865752013391,"12_78",12,"Day12-Plate3 Algae-Bacteria Growth Experiment","3/28/2018 13:28",485,222.765,45.889,400,185.782,46.458,"78","Native Bacterium"
"127",442.666666666667,21.865752013391,"12_78",12,"Day12-Plate4 Algae-Bacteria Growth Experiment","3/28/2018 13:38",412,148.394,36.057,414,153.767,37.102,"78","Native Bacterium"
"128",410.333333333333,46.1892243325697,"12_81",12,"Day12-Plate1 Algae-Bacteria Growth Experiment","3/28/2018 13:08",336,122.493,36.48,284,94.758,33.405,"81","Non-Native Bacterium"
"129",410.333333333333,46.1892243325697,"12_81",12,"Day12-Plate3 Algae-Bacteria Growth Experiment","3/28/2018 13:28",495,214.462,43.345,434,174.456,40.228,"81","Non-Native Bacterium"
"130",410.333333333333,46.1892243325697,"12_81",12,"Day12-Plate4 Algae-Bacteria Growth Experiment","3/28/2018 13:38",400,183.785,45.946,412,187.88,45.602,"81","Non-Native Bacterium"
"131",412.666666666667,38.6882123879843,"12_82",12,"Day12-Plate1 Algae-Bacteria Growth Experiment","3/28/2018 13:08",345,127.015,36.816,263,89.105,33.837,"82","Non-Native Bacterium"
"132",412.666666666667,38.6882123879843,"12_82",12,"Day12-Plate2 Algae-Bacteria Growth Experiment","3/28/2018 13:17",479,220.235,45.946,417,194.715,46.719,"82","Non-Native Bacterium"
"133",412.666666666667,38.6882123879843,"12_82",12,"Day12-Plate4 Algae-Bacteria Growth Experiment","3/28/2018 13:38",414,157.679,38.107,415,148.071,35.642,"82","Non-Native Bacterium"
"134",408.333333333333,17.2272394125634,"12_87",12,"Day12-Plate1 Algae-Bacteria Growth Experiment","3/28/2018 13:08",374,136.907,36.628,317,111.533,35.196,"87","Non-Native Bacterium"
"135",408.333333333333,17.2272394125634,"12_87",12,"Day12-Plate2 Algae-Bacteria Growth Experiment","3/28/2018 13:17",428,188.862,44.138,312,131.458,42.179,"87","Non-Native Bacterium"
"136",408.333333333333,17.2272394125634,"12_87",12,"Day12-Plate4 Algae-Bacteria Growth Experiment","3/28/2018 13:38",423,211.768,50.05,436,211.777,48.548,"87","Non-Native Bacterium"
"137",406.333333333333,11.6666666666667,"12_88",12,"Day12-Plate2 Algae-Bacteria Growth Experiment","3/28/2018 13:17",428,162.052,37.863,367,113.628,30.924,"88","Non-Native Bacterium"
"138",406.333333333333,11.6666666666667,"12_88",12,"Day12-Plate4 Algae-Bacteria Growth Experiment","3/28/2018 13:38",403,152.186,37.742,393,145.678,37.11,"88","Non-Native Bacterium"
"139",406.333333333333,11.6666666666667,"12_88",12,"Day12-Plate5 Algae-Bacteria Growth Experiment","3/28/2018 13:48",388,198.145,51.127,367,182.96,49.838,"88","Non-Native Bacterium"
"140",400.666666666667,24.9087222563592,"12_91",12,"Day12-Plate2 Algae-Bacteria Growth Experiment","3/28/2018 13:17",370,143.356,38.71,307,116.69,38.024,"91","Non-Native Bacterium"
"141",400.666666666667,24.9087222563592,"12_91",12,"Day12-Plate4 Algae-Bacteria Growth Experiment","3/28/2018 13:38",382,197.819,51.755,391,194.719,49.857,"91","Non-Native Bacterium"
"142",400.666666666667,24.9087222563592,"12_91",12,"Day12-Plate5 Algae-Bacteria Growth Experiment","3/28/2018 13:48",450,189.407,42.07,447,188.791,42.225,"91","Non-Native Bacterium"
"143",381.333333333333,65.6692046886853,"12_92",12,"Day12-Plate1 Algae-Bacteria Growth Experiment","3/28/2018 13:08",256,99.952,39.061,239,85.241,35.732,"92","Non-Native Bacterium"
"144",381.333333333333,65.6692046886853,"12_92",12,"Day12-Plate3 Algae-Bacteria Growth Experiment","3/28/2018 13:28",478,235.061,49.153,441,218.598,49.544,"92","Non-Native Bacterium"
"145",381.333333333333,65.6692046886853,"12_92",12,"Day12-Plate4 Algae-Bacteria Growth Experiment","3/28/2018 13:38",410,171.554,41.888,407,170.54,41.879,"92","Non-Native Bacterium"
"146",340.4,24.7135590314305,"13_7",13,"Day13-Plate1 Algae-Bacteria Growth Experiment","3/29/2018 13:03",326,125.697,38.57,285,103.988,36.487,"7","Axenic"
"147",340.4,24.7135590314305,"13_7",13,"Day13-Plate2 Algae-Bacteria Growth Experiment","3/29/2018 13:13",369,158.285,42.883,326,152.448,46.731,"7","Axenic"
"148",340.4,24.7135590314305,"13_7",13,"Day13-Plate3 Algae-Bacteria Growth Experiment","3/29/2018 13:22",421,140.498,33.372,428,164.169,38.327,"7","Axenic"
"149",340.4,24.7135590314305,"13_7",13,"Day13-Plate4 Algae-Bacteria Growth Experiment","3/29/2018 13:31",303,245.594,81.114,327,266.658,81.519,"7","Axenic"
"150",340.4,24.7135590314305,"13_7",13,"Day13-Plate5 Algae-Bacteria Growth Experiment","3/29/2018 13:40",283,137.884,48.665,287,140.779,49.071,"7","Axenic"
"151",363.666666666667,53.5920806753303,"13_76",13,"Day13-Plate1 Algae-Bacteria Growth Experiment","3/29/2018 13:03",396,171.646,43.381,335,129.502,38.709,"76","Non-Native Bacterium"
"152",363.666666666667,53.5920806753303,"13_76",13,"Day13-Plate3 Algae-Bacteria Growth Experiment","3/29/2018 13:22",259,120.451,46.586,252,105.758,41.967,"76","Non-Native Bacterium"
"153",363.666666666667,53.5920806753303,"13_76",13,"Day13-Plate4 Algae-Bacteria Growth Experiment","3/29/2018 13:31",436,177.344,40.717,431,184.144,42.747,"76","Non-Native Bacterium"
"154",438.666666666667,49.377232720264,"13_78",13,"Day13-Plate2 Algae-Bacteria Growth Experiment","3/29/2018 13:13",441,165.048,37.454,405,145.405,35.873,"78","Native Bacterium"
"155",438.666666666667,49.377232720264,"13_78",13,"Day13-Plate3 Algae-Bacteria Growth Experiment","3/29/2018 13:22",523,231.464,44.276,447,214.747,48.018,"78","Native Bacterium"
"156",438.666666666667,49.377232720264,"13_78",13,"Day13-Plate4 Algae-Bacteria Growth Experiment","3/29/2018 13:31",352,283.43,80.622,389,301.294,77.431,"78","Native Bacterium"
"157",405.333333333333,47.0614255816563,"13_81",13,"Day13-Plate1 Algae-Bacteria Growth Experiment","3/29/2018 13:03",407,166.486,40.883,381,146.298,38.41,"81","Non-Native Bacterium"
"158",405.333333333333,47.0614255816563,"13_81",13,"Day13-Plate3 Algae-Bacteria Growth Experiment","3/29/2018 13:22",486,196.901,40.533,445,187.084,42.083,"81","Non-Native Bacterium"
"159",405.333333333333,47.0614255816563,"13_81",13,"Day13-Plate4 Algae-Bacteria Growth Experiment","3/29/2018 13:31",323,172.923,53.5,343,189.606,55.225,"81","Non-Native Bacterium"
"160",438.333333333333,27.7208305150557,"13_82",13,"Day13-Plate1 Algae-Bacteria Growth Experiment","3/29/2018 13:03",419,141.204,33.718,334,118.599,35.462,"82","Non-Native Bacterium"
"161",438.333333333333,27.7208305150557,"13_82",13,"Day13-Plate2 Algae-Bacteria Growth Experiment","3/29/2018 13:13",493,228.276,46.314,448,209.805,46.785,"82","Non-Native Bacterium"
"162",438.333333333333,27.7208305150557,"13_82",13,"Day13-Plate4 Algae-Bacteria Growth Experiment","3/29/2018 13:31",403,144.998,36,403,142.355,35.295,"82","Non-Native Bacterium"
"163",467,25.1064400768674,"13_87",13,"Day13-Plate1 Algae-Bacteria Growth Experiment","3/29/2018 13:03",452,178.834,39.526,417,163.992,39.327,"87","Non-Native Bacterium"
"164",467,25.1064400768674,"13_87",13,"Day13-Plate2 Algae-Bacteria Growth Experiment","3/29/2018 13:13",516,227.633,44.096,418,198.597,47.486,"87","Non-Native Bacterium"
"165",467,25.1064400768674,"13_87",13,"Day13-Plate4 Algae-Bacteria Growth Experiment","3/29/2018 13:31",433,210.665,48.69,428,222.921,52.111,"87","Non-Native Bacterium"
"166",400,30.171730698343,"13_88",13,"Day13-Plate2 Algae-Bacteria Growth Experiment","3/29/2018 13:13",455,174.836,38.463,402,145.382,36.185,"88","Non-Native Bacterium"
"167",400,30.171730698343,"13_88",13,"Day13-Plate4 Algae-Bacteria Growth Experiment","3/29/2018 13:31",394,133.229,33.853,405,137.391,33.914,"88","Non-Native Bacterium"
"168",400,30.171730698343,"13_88",13,"Day13-Plate5 Algae-Bacteria Growth Experiment","3/29/2018 13:40",351,177.82,50.613,323,164.479,50.887,"88","Non-Native Bacterium"
"169",384.333333333333,34.3527453213147,"13_91",13,"Day13-Plate2 Algae-Bacteria Growth Experiment","3/29/2018 13:13",444,190.725,42.935,428,175.51,41.039,"91","Non-Native Bacterium"
"170",384.333333333333,34.3527453213147,"13_91",13,"Day13-Plate4 Algae-Bacteria Growth Experiment","3/29/2018 13:31",325,208.158,63.961,355,235.366,66.3,"91","Non-Native Bacterium"
"171",384.333333333333,34.3527453213147,"13_91",13,"Day13-Plate5 Algae-Bacteria Growth Experiment","3/29/2018 13:40",384,161.078,41.996,388,159.987,41.269,"91","Non-Native Bacterium"
"172",403,31.4324672910034,"13_92",13,"Day13-Plate1 Algae-Bacteria Growth Experiment","3/29/2018 13:03",345,159.038,46.039,337,139.622,41.417,"92","Non-Native Bacterium"
"173",403,31.4324672910034,"13_92",13,"Day13-Plate3 Algae-Bacteria Growth Experiment","3/29/2018 13:22",453,198.926,43.891,413,178.691,43.22,"92","Non-Native Bacterium"
"174",403,31.4324672910034,"13_92",13,"Day13-Plate4 Algae-Bacteria Growth Experiment","3/29/2018 13:31",411,168.146,40.934,413,176.473,42.741,"92","Non-Native Bacterium"
"175",41.6,1.66132477258361,"2_7",2,"Day2-Plate1 Algae-Bacteria Growth Experiment","3/18/2018 17:53",37,19.894,54.422,36,16.513,45.589,"7","Axenic"
"176",41.6,1.66132477258361,"2_7",2,"Day2-Plate2 Algae-Bacteria Growth Experiment","3/18/2018 17:43",40,15.042,37.293,35,14.151,40.82,"7","Axenic"
"177",41.6,1.66132477258361,"2_7",2,"Day2-Plate3 Algae-Bacteria Growth Experiment","3/18/2018 18:03",43,16.696,38.827,38,11.688,30.848,"7","Axenic"
"178",41.6,1.66132477258361,"2_7",2,"Day2-Plate4 Algae-Bacteria Growth Experiment","3/18/2018 18:14",47,20.402,43.719,42,19.831,46.723,"7","Axenic"
"179",41.6,1.66132477258361,"2_7",2,"Day2-Plate5 Algae-Bacteria Growth Experiment","3/18/2018 18:23",41,20.793,50.853,41,19.582,48.021,"7","Axenic"
"180",73.6666666666667,28.415566938642,"2_76",2,"Day2-Plate1 Algae-Bacteria Growth Experiment","3/18/2018 17:53",39,15.878,40.597,35,14.287,40.949,"76","Non-Native Bacterium"
"181",73.6666666666667,28.415566938642,"2_76",2,"Day2-Plate3 Algae-Bacteria Growth Experiment","3/18/2018 18:03",130,55.167,42.4,126,53.551,42.614,"76","Non-Native Bacterium"
"182",73.6666666666667,28.415566938642,"2_76",2,"Day2-Plate4 Algae-Bacteria Growth Experiment","3/18/2018 18:14",52,20.484,39.477,45,15.532,34.774,"76","Non-Native Bacterium"
"183",43.6666666666667,5.84047182264508,"2_78",2,"Day2-Plate2 Algae-Bacteria Growth Experiment","3/18/2018 17:43",32,13.252,41.556,34,14.071,40.984,"78","Native Bacterium"
"184",43.6666666666667,5.84047182264508,"2_78",2,"Day2-Plate3 Algae-Bacteria Growth Experiment","3/18/2018 18:03",50,22.473,44.55,38,15.538,41.131,"78","Native Bacterium"
"185",43.6666666666667,5.84047182264508,"2_78",2,"Day2-Plate4 Algae-Bacteria Growth Experiment","3/18/2018 18:14",49,33.771,69.393,41,23.58,56.896,"78","Native Bacterium"
"186",50.6666666666667,2.84800124843918,"2_81",2,"Day2-Plate1 Algae-Bacteria Growth Experiment","3/18/2018 17:53",45,21.765,48.128,44,22.125,50.667,"81","Non-Native Bacterium"
"187",50.6666666666667,2.84800124843918,"2_81",2,"Day2-Plate3 Algae-Bacteria Growth Experiment","3/18/2018 18:03",53,20.125,37.656,49,14.44,29.269,"81","Non-Native Bacterium"
"188",50.6666666666667,2.84800124843918,"2_81",2,"Day2-Plate4 Algae-Bacteria Growth Experiment","3/18/2018 18:14",54,25.851,47.482,41,16.11,38.871,"81","Non-Native Bacterium"
"189",45,1.15470053837925,"2_82",2,"Day2-Plate1 Algae-Bacteria Growth Experiment","3/18/2018 17:53",45,19.556,43.674,36,21.125,59.228,"82","Non-Native Bacterium"
"190",45,1.15470053837925,"2_82",2,"Day2-Plate2 Algae-Bacteria Growth Experiment","3/18/2018 17:43",47,15.672,33.424,40,10.368,25.921,"82","Non-Native Bacterium"
"191",45,1.15470053837925,"2_82",2,"Day2-Plate4 Algae-Bacteria Growth Experiment","3/18/2018 18:14",43,14.544,33.477,43,12.875,29.637,"82","Non-Native Bacterium"
"192",49.6666666666667,4.48454134902457,"2_87",2,"Day2-Plate1 Algae-Bacteria Growth Experiment","3/18/2018 17:53",41,18.675,45.181,36,14.234,39.662,"87","Non-Native Bacterium"
"193",49.6666666666667,4.48454134902457,"2_87",2,"Day2-Plate2 Algae-Bacteria Growth Experiment","3/18/2018 17:43",52,29.316,56.138,34,14.998,43.826,"87","Non-Native Bacterium"
"194",49.6666666666667,4.48454134902457,"2_87",2,"Day2-Plate4 Algae-Bacteria Growth Experiment","3/18/2018 18:14",56,22.749,40.866,50,28.076,55.658,"87","Non-Native Bacterium"
"195",43,3.05505046330389,"2_88",2,"Day2-Plate2 Algae-Bacteria Growth Experiment","3/18/2018 17:43",39,24.073,61.031,38,23.194,61.395,"88","Non-Native Bacterium"
"196",43,3.05505046330389,"2_88",2,"Day2-Plate4 Algae-Bacteria Growth Experiment","3/18/2018 18:14",49,16.991,34.519,41,14.053,34,"88","Non-Native Bacterium"
"197",43,3.05505046330389,"2_88",2,"Day2-Plate5 Algae-Bacteria Growth Experiment","3/18/2018 18:23",41,15.605,37.654,32,12.558,38.972,"88","Non-Native Bacterium"
"198",42,4.16333199893227,"2_91",2,"Day2-Plate2 Algae-Bacteria Growth Experiment","3/18/2018 17:43",34,12.732,37.326,29,16.873,57.74,"91","Non-Native Bacterium"
"199",42,4.16333199893227,"2_91",2,"Day2-Plate4 Algae-Bacteria Growth Experiment","3/18/2018 18:14",44,14.993,34.422,35,10.929,31.029,"91","Non-Native Bacterium"
"200",42,4.16333199893227,"2_91",2,"Day2-Plate5 Algae-Bacteria Growth Experiment","3/18/2018 18:23",48,22.984,47.552,46,24.504,53.013,"91","Non-Native Bacterium"
"201",39.3333333333333,6.00925212577332,"2_92",2,"Day2-Plate1 Algae-Bacteria Growth Experiment","3/18/2018 17:53",31,14.131,45.914,32,11.271,35.717,"92","Non-Native Bacterium"
"202",39.3333333333333,6.00925212577332,"2_92",2,"Day2-Plate3 Algae-Bacteria Growth Experiment","3/18/2018 18:03",51,17.794,34.966,41,16.785,41.276,"92","Non-Native Bacterium"
"203",39.3333333333333,6.00925212577332,"2_92",2,"Day2-Plate4 Algae-Bacteria Growth Experiment","3/18/2018 18:14",36,20.268,57.003,33,20.081,61.473,"92","Non-Native Bacterium"
"204",123.2,14.4858551697855,"3_7",3,"Day3-Plate1 Algae-Bacteria Growth Experiment","3/19/2018 13:33",139,54.825,39.569,117,48.047,41.066,"7","Axenic"
"205",123.2,14.4858551697855,"3_7",3,"Day3-Plate2 Algae-Bacteria Growth Experiment","3/19/2018 13:43",66,30.357,45.687,63,27.96,44.697,"7","Axenic"
"206",123.2,14.4858551697855,"3_7",3,"Day3-Plate3 Algae-Bacteria Growth Experiment","3/19/2018 13:53",145,65.5,45.276,134,53.414,39.994,"7","Axenic"
"207",123.2,14.4858551697855,"3_7",3,"Day3-Plate4 Algae-Bacteria Growth Experiment","3/19/2018 14:03",131,46.331,35.487,136,55.84,41.025,"7","Axenic"
"208",123.2,14.4858551697855,"3_7",3,"Day3-Plate5 Algae-Bacteria Growth Experiment","3/19/2018 14:13",135,66.125,49.103,136,69.828,51.344,"7","Axenic"
"209",150.666666666667,4.40958551844098,"3_76",3,"Day3-Plate1 Algae-Bacteria Growth Experiment","3/19/2018 13:33",149,64.821,43.375,115,45.783,39.85,"76","Non-Native Bacterium"
"210",150.666666666667,4.40958551844098,"3_76",3,"Day3-Plate3 Algae-Bacteria Growth Experiment","3/19/2018 13:53",159,67.692,42.574,154,65.96,42.955,"76","Non-Native Bacterium"
"211",150.666666666667,4.40958551844098,"3_76",3,"Day3-Plate4 Algae-Bacteria Growth Experiment","3/19/2018 14:03",144,63.842,44.334,143,62.474,43.688,"76","Non-Native Bacterium"
"212",149.666666666667,5.2068331172711,"3_78",3,"Day3-Plate2 Algae-Bacteria Growth Experiment","3/19/2018 13:43",141,56.551,40.234,118,41.4,35.185,"78","Native Bacterium"
"213",149.666666666667,5.2068331172711,"3_78",3,"Day3-Plate3 Algae-Bacteria Growth Experiment","3/19/2018 13:53",159,75.223,47.178,121,58.24,48.221,"78","Native Bacterium"
"214",149.666666666667,5.2068331172711,"3_78",3,"Day3-Plate4 Algae-Bacteria Growth Experiment","3/19/2018 14:03",149,58.727,39.444,146,59.16,40.551,"78","Native Bacterium"
"215",153,7.57187779440036,"3_81",3,"Day3-Plate1 Algae-Bacteria Growth Experiment","3/19/2018 13:33",165,60.066,36.453,126,47.399,37.685,"81","Non-Native Bacterium"
"216",153,7.57187779440036,"3_81",3,"Day3-Plate3 Algae-Bacteria Growth Experiment","3/19/2018 13:53",155,68.209,44.133,134,47.77,35.59,"81","Non-Native Bacterium"
"217",153,7.57187779440036,"3_81",3,"Day3-Plate4 Algae-Bacteria Growth Experiment","3/19/2018 14:03",139,68.657,49.512,137,68.093,49.623,"81","Non-Native Bacterium"
"218",153,9.29157324317757,"3_82",3,"Day3-Plate1 Algae-Bacteria Growth Experiment","3/19/2018 13:33",170,55.455,32.685,134,54.053,40.271,"82","Non-Native Bacterium"
"219",153,9.29157324317757,"3_82",3,"Day3-Plate2 Algae-Bacteria Growth Experiment","3/19/2018 13:43",138,68.942,50.038,121,46.465,38.261,"82","Non-Native Bacterium"
"220",153,9.29157324317757,"3_82",3,"Day3-Plate4 Algae-Bacteria Growth Experiment","3/19/2018 14:03",151,46.965,31.057,148,56.238,37.942,"82","Non-Native Bacterium"
"221",142.666666666667,2.185812841434,"3_87",3,"Day3-Plate1 Algae-Bacteria Growth Experiment","3/19/2018 13:33",147,59.739,40.731,134,55.633,41.62,"87","Non-Native Bacterium"
"222",142.666666666667,2.185812841434,"3_87",3,"Day3-Plate2 Algae-Bacteria Growth Experiment","3/19/2018 13:43",141,65.726,46.577,114,56.001,49.076,"87","Non-Native Bacterium"
"223",142.666666666667,2.185812841434,"3_87",3,"Day3-Plate4 Algae-Bacteria Growth Experiment","3/19/2018 14:03",140,72.292,51.72,134,69.383,51.778,"87","Non-Native Bacterium"
"224",149.666666666667,4.91030662088541,"3_88",3,"Day3-Plate2 Algae-Bacteria Growth Experiment","3/19/2018 13:43",141,60.395,42.969,124,53.214,42.991,"88","Non-Native Bacterium"
"225",149.666666666667,4.91030662088541,"3_88",3,"Day3-Plate4 Algae-Bacteria Growth Experiment","3/19/2018 14:03",150,65.163,43.506,139,62.444,44.816,"88","Non-Native Bacterium"
"226",149.666666666667,4.91030662088541,"3_88",3,"Day3-Plate5 Algae-Bacteria Growth Experiment","3/19/2018 14:13",158,87.411,55.401,135,71.643,52.982,"88","Non-Native Bacterium"
"227",150,18.0831413200251,"3_91",3,"Day3-Plate2 Algae-Bacteria Growth Experiment","3/19/2018 13:43",129,54.56,42.404,106,47.47,44.69,"91","Non-Native Bacterium"
"228",150,18.0831413200251,"3_91",3,"Day3-Plate4 Algae-Bacteria Growth Experiment","3/19/2018 14:03",135,66.864,49.692,127,68.366,53.784,"91","Non-Native Bacterium"
"229",150,18.0831413200251,"3_91",3,"Day3-Plate5 Algae-Bacteria Growth Experiment","3/19/2018 14:13",186,81.209,43.609,167,70.795,42.308,"91","Non-Native Bacterium"
"230",134,9.01849950564579,"3_92",3,"Day3-Plate1 Algae-Bacteria Growth Experiment","3/19/2018 13:33",124,49.692,40.182,107,40.345,37.627,"92","Non-Native Bacterium"
"231",134,9.01849950564579,"3_92",3,"Day3-Plate3 Algae-Bacteria Growth Experiment","3/19/2018 13:53",152,71.535,46.925,132,63.063,47.655,"92","Non-Native Bacterium"
"232",134,9.01849950564579,"3_92",3,"Day3-Plate4 Algae-Bacteria Growth Experiment","3/19/2018 14:03",126,53,42.213,124,55.144,44.431,"92","Non-Native Bacterium"
"233",196.8,7.95864310042861,"4_7",4,"Day4-Plate1 Algae-Bacteria Growth Experiment","3/20/2018 14:09",195,82.85,42.439,158,71.718,45.264,"7","Axenic"
"234",196.8,7.95864310042861,"4_7",4,"Day4-Plate2 Algae-Bacteria Growth Experiment","3/20/2018 14:21",196,78.598,40.147,162,70.951,43.707,"7","Axenic"
"235",196.8,7.95864310042861,"4_7",4,"Day4-Plate3 Algae-Bacteria Growth Experiment","3/20/2018 14:30",224,86.775,38.72,214,80.262,37.564,"7","Axenic"
"236",196.8,7.95864310042861,"4_7",4,"Day4-Plate4 Algae-Bacteria Growth Experiment","3/20/2018 14:40",195,81.687,41.938,191,70.778,37.121,"7","Axenic"
"237",196.8,7.95864310042861,"4_7",4,"Day4-Plate5 Algae-Bacteria Growth Experiment","3/20/2018 14:49",174,90.92,52.253,162,79.915,49.398,"7","Axenic"
"238",216,22.8546129552293,"4_76",4,"Day4-Plate1 Algae-Bacteria Growth Experiment","3/20/2018 14:09",254,106.64,42.021,190,74.488,39.296,"76","Non-Native Bacterium"
"239",216,22.8546129552293,"4_76",4,"Day4-Plate3 Algae-Bacteria Growth Experiment","3/20/2018 14:30",175,82.341,46.962,178,81.29,45.754,"76","Non-Native Bacterium"
"240",216,22.8546129552293,"4_76",4,"Day4-Plate4 Algae-Bacteria Growth Experiment","3/20/2018 14:40",219,93.091,42.551,201,92.765,46.05,"76","Non-Native Bacterium"
"241",228.666666666667,18.1872971542717,"4_78",4,"Day4-Plate2 Algae-Bacteria Growth Experiment","3/20/2018 14:21",197,71.176,36.049,182,72.637,39.886,"78","Native Bacterium"
"242",228.666666666667,18.1872971542717,"4_78",4,"Day4-Plate3 Algae-Bacteria Growth Experiment","3/20/2018 14:30",260,114.845,44.247,211,96.745,45.754,"78","Native Bacterium"
"243",228.666666666667,18.1872971542717,"4_78",4,"Day4-Plate4 Algae-Bacteria Growth Experiment","3/20/2018 14:40",229,99.928,43.658,233,101.62,43.53,"78","Native Bacterium"
"244",223,19.8578280114753,"4_81",4,"Day4-Plate1 Algae-Bacteria Growth Experiment","3/20/2018 14:09",214,73.134,34.104,176,64.194,36.497,"81","Non-Native Bacterium"
"245",223,19.8578280114753,"4_81",4,"Day4-Plate3 Algae-Bacteria Growth Experiment","3/20/2018 14:30",261,110.154,42.205,199,82.995,41.683,"81","Non-Native Bacterium"
"246",223,19.8578280114753,"4_81",4,"Day4-Plate4 Algae-Bacteria Growth Experiment","3/20/2018 14:40",194,88.414,45.601,195,79.625,40.81,"81","Non-Native Bacterium"
"247",238.333333333333,20.4314572276293,"4_82",4,"Day4-Plate1 Algae-Bacteria Growth Experiment","3/20/2018 14:09",278,114.21,41.034,192,75.943,39.462,"82","Non-Native Bacterium"
"248",238.333333333333,20.4314572276293,"4_82",4,"Day4-Plate2 Algae-Bacteria Growth Experiment","3/20/2018 14:21",210,103.317,49.225,174,78.859,45.408,"82","Non-Native Bacterium"
"249",238.333333333333,20.4314572276293,"4_82",4,"Day4-Plate4 Algae-Bacteria Growth Experiment","3/20/2018 14:40",227,71.625,31.584,213,65.704,30.847,"82","Non-Native Bacterium"
"250",229.666666666667,9.06151814604546,"4_87",4,"Day4-Plate1 Algae-Bacteria Growth Experiment","3/20/2018 14:09",212,74.945,35.278,177,58.372,32.916,"87","Non-Native Bacterium"
"251",229.666666666667,9.06151814604546,"4_87",4,"Day4-Plate2 Algae-Bacteria Growth Experiment","3/20/2018 14:21",242,123.452,51.013,185,89.15,48.276,"87","Non-Native Bacterium"
"252",229.666666666667,9.06151814604546,"4_87",4,"Day4-Plate4 Algae-Bacteria Growth Experiment","3/20/2018 14:40",235,123.471,52.591,213,110.237,51.863,"87","Non-Native Bacterium"
"253",225.666666666667,4.84194634877798,"4_88",4,"Day4-Plate2 Algae-Bacteria Growth Experiment","3/20/2018 14:21",216,88.605,40.936,187,71.776,38.292,"88","Non-Native Bacterium"
"254",225.666666666667,4.84194634877798,"4_88",4,"Day4-Plate4 Algae-Bacteria Growth Experiment","3/20/2018 14:40",230,75.007,32.659,202,75.906,37.536,"88","Non-Native Bacterium"
"255",225.666666666667,4.84194634877798,"4_88",4,"Day4-Plate5 Algae-Bacteria Growth Experiment","3/20/2018 14:49",231,122,52.763,180,89.087,49.585,"88","Non-Native Bacterium"
"256",213.333333333333,7.5129517797231,"4_91",4,"Day4-Plate2 Algae-Bacteria Growth Experiment","3/20/2018 14:21",200,82.736,41.276,185,69.261,37.461,"91","Non-Native Bacterium"
"257",213.333333333333,7.5129517797231,"4_91",4,"Day4-Plate4 Algae-Bacteria Growth Experiment","3/20/2018 14:40",214,110.251,51.439,205,111.992,54.6,"91","Non-Native Bacterium"
"258",213.333333333333,7.5129517797231,"4_91",4,"Day4-Plate5 Algae-Bacteria Growth Experiment","3/20/2018 14:49",226,97.541,43.117,207,93.952,45.315,"91","Non-Native Bacterium"
"259",230.333333333333,28.286235364769,"4_92",4,"Day4-Plate1 Algae-Bacteria Growth Experiment","3/20/2018 14:09",188,76.803,40.901,165,65.144,39.402,"92","Non-Native Bacterium"
"260",230.333333333333,28.286235364769,"4_92",4,"Day4-Plate3 Algae-Bacteria Growth Experiment","3/20/2018 14:30",284,122.349,43.064,246,107.039,43.512,"92","Non-Native Bacterium"
"261",230.333333333333,28.286235364769,"4_92",4,"Day4-Plate4 Algae-Bacteria Growth Experiment","3/20/2018 14:40",219,95.629,43.622,213,103.65,48.738,"92","Non-Native Bacterium"
"262",223,11.6189500386223,"5_7",5,"Day5-Plate1 Algae-Bacteria Growth Experiment","3/21/2018 13:11",240,101.048,42.142,200,82.146,41.005,"7","Axenic"
"263",223,11.6189500386223,"5_7",5,"Day5-Plate2 Algae-Bacteria Growth Experiment","3/21/2018 13:20",216,98.244,45.53,175,70.521,40.196,"7","Axenic"
"264",223,11.6189500386223,"5_7",5,"Day5-Plate3 Algae-Bacteria Growth Experiment","3/21/2018 13:30",259,98.594,38.002,258,93.931,36.423,"7","Axenic"
"265",223,11.6189500386223,"5_7",5,"Day5-Plate4 Algae-Bacteria Growth Experiment","3/21/2018 13:39",202,83.939,41.646,214,80,37.441,"7","Axenic"
"266",223,11.6189500386223,"5_7",5,"Day5-Plate5 Algae-Bacteria Growth Experiment","3/21/2018 13:49",198,86.505,43.714,195,94.366,48.504,"7","Axenic"
"267",244.666666666667,38.4808754809162,"5_76",5,"Day5-Plate1 Algae-Bacteria Growth Experiment","3/21/2018 13:11",321,140.873,43.84,224,90.898,40.58,"76","Non-Native Bacterium"
"268",244.666666666667,38.4808754809162,"5_76",5,"Day5-Plate3 Algae-Bacteria Growth Experiment","3/21/2018 13:30",198,83.812,42.282,194,76.921,39.559,"76","Non-Native Bacterium"
"269",244.666666666667,38.4808754809162,"5_76",5,"Day5-Plate4 Algae-Bacteria Growth Experiment","3/21/2018 13:39",215,93.739,43.645,203,95.053,46.901,"76","Non-Native Bacterium"
"270",258.333333333333,11.8509258897541,"5_78",5,"Day5-Plate2 Algae-Bacteria Growth Experiment","3/21/2018 13:20",241,95.862,39.74,219,76.482,34.87,"78","Native Bacterium"
"271",258.333333333333,11.8509258897541,"5_78",5,"Day5-Plate3 Algae-Bacteria Growth Experiment","3/21/2018 13:30",281,126.806,45.18,232,101.581,43.869,"78","Native Bacterium"
"272",258.333333333333,11.8509258897541,"5_78",5,"Day5-Plate4 Algae-Bacteria Growth Experiment","3/21/2018 13:39",253,100.656,39.82,250,98.958,39.531,"78","Native Bacterium"
"273",260,22.0680764907139,"5_81",5,"Day5-Plate1 Algae-Bacteria Growth Experiment","3/21/2018 13:11",279,100.242,35.9,212,65.912,31.074,"81","Non-Native Bacterium"
"274",260,22.0680764907139,"5_81",5,"Day5-Plate3 Algae-Bacteria Growth Experiment","3/21/2018 13:30",285,119.934,42.049,272,116.327,42.837,"81","Non-Native Bacterium"
"275",260,22.0680764907139,"5_81",5,"Day5-Plate4 Algae-Bacteria Growth Experiment","3/21/2018 13:39",216,99.806,46.254,227,102.122,44.944,"81","Non-Native Bacterium"
"276",272,25.1661147842358,"5_82",5,"Day5-Plate1 Algae-Bacteria Growth Experiment","3/21/2018 13:11",322,119.814,37.171,221,85.158,38.494,"82","Non-Native Bacterium"
"277",272,25.1661147842358,"5_82",5,"Day5-Plate2 Algae-Bacteria Growth Experiment","3/21/2018 13:20",252,117.42,46.534,206,94.166,45.712,"82","Non-Native Bacterium"
"278",272,25.1661147842358,"5_82",5,"Day5-Plate4 Algae-Bacteria Growth Experiment","3/21/2018 13:39",242,83.813,34.602,242,82.922,34.312,"82","Non-Native Bacterium"
"279",273.666666666667,24.4563102513668,"5_87",5,"Day5-Plate1 Algae-Bacteria Growth Experiment","3/21/2018 13:11",307,122.483,39.853,263,98.519,37.428,"87","Non-Native Bacterium"
"280",273.666666666667,24.4563102513668,"5_87",5,"Day5-Plate2 Algae-Bacteria Growth Experiment","3/21/2018 13:20",288,127.102,44.201,221,93.678,42.324,"87","Non-Native Bacterium"
"281",273.666666666667,24.4563102513668,"5_87",5,"Day5-Plate4 Algae-Bacteria Growth Experiment","3/21/2018 13:39",226,116.176,51.506,221,117.462,53.124,"87","Non-Native Bacterium"
"282",243.333333333333,14.2633952635564,"5_88",5,"Day5-Plate2 Algae-Bacteria Growth Experiment","3/21/2018 13:20",266,105.934,39.858,215,74.118,34.403,"88","Non-Native Bacterium"
"283",243.333333333333,14.2633952635564,"5_88",5,"Day5-Plate4 Algae-Bacteria Growth Experiment","3/21/2018 13:39",217,80.467,37.1,222,82.218,36.979,"88","Non-Native Bacterium"
"284",243.333333333333,14.2633952635564,"5_88",5,"Day5-Plate5 Algae-Bacteria Growth Experiment","3/21/2018 13:49",247,125.56,50.88,220,106.853,48.472,"88","Non-Native Bacterium"
"285",241.666666666667,4.33333333333333,"5_91",5,"Day5-Plate2 Algae-Bacteria Growth Experiment","3/21/2018 13:20",249,110.434,44.331,230,90.782,39.509,"91","Non-Native Bacterium"
"286",241.666666666667,4.33333333333333,"5_91",5,"Day5-Plate4 Algae-Bacteria Growth Experiment","3/21/2018 13:39",234,109.745,46.944,239,115.322,48.297,"91","Non-Native Bacterium"
"287",241.666666666667,4.33333333333333,"5_91",5,"Day5-Plate5 Algae-Bacteria Growth Experiment","3/21/2018 13:49",242,92.45,38.202,240,97.381,40.575,"91","Non-Native Bacterium"
"288",253,19.6044212700435,"5_92",5,"Day5-Plate1 Algae-Bacteria Growth Experiment","3/21/2018 13:11",269,114.482,42.576,232,90.826,39.168,"92","Non-Native Bacterium"
"289",253,19.6044212700435,"5_92",5,"Day5-Plate3 Algae-Bacteria Growth Experiment","3/21/2018 13:30",276,123.136,44.543,257,108.156,42.084,"92","Non-Native Bacterium"
"290",253,19.6044212700435,"5_92",5,"Day5-Plate4 Algae-Bacteria Growth Experiment","3/21/2018 13:39",214,100.104,46.85,218,85.979,39.46,"92","Non-Native Bacterium"
"291",257.2,17.6476627347646,"6_7",6,"Day6-Plate1 Algae-Bacteria Growth Experiment","3/22/2018 12:30",273,129.354,47.44,222,95.928,43.189,"7","Axenic"
"292",257.2,17.6476627347646,"6_7",6,"Day6-Plate2 Algae-Bacteria Growth Experiment","3/22/2018 12:45",260,116.866,44.91,235,111.96,47.642,"7","Axenic"
"293",257.2,17.6476627347646,"6_7",6,"Day6-Plate3 Algae-Bacteria Growth Experiment","3/22/2018 12:55",303,118.114,38.939,323,120.037,37.163,"7","Axenic"
"294",257.2,17.6476627347646,"6_7",6,"Day6-Plate4 Algae-Bacteria Growth Experiment","3/22/2018 13:04",255,104.832,41.146,270,119.788,44.348,"7","Axenic"
"295",257.2,17.6476627347646,"6_7",6,"Day6-Plate5 Algae-Bacteria Growth Experiment","3/22/2018 13:14",195,108.588,55.623,199,99.609,50.167,"7","Axenic"
"296",307,51.733290377989,"6_76",6,"Day6-Plate1 Algae-Bacteria Growth Experiment","3/22/2018 12:30",380,166.22,43.781,304,122.486,40.306,"76","Non-Native Bacterium"
"297",307,51.733290377989,"6_76",6,"Day6-Plate3 Algae-Bacteria Growth Experiment","3/22/2018 12:55",207,98.175,47.326,215,93.422,43.497,"76","Non-Native Bacterium"
"298",307,51.733290377989,"6_76",6,"Day6-Plate4 Algae-Bacteria Growth Experiment","3/22/2018 13:04",334,139.523,41.801,309,138.493,44.82,"76","Non-Native Bacterium"
"299",319.666666666667,14.7233752169052,"6_78",6,"Day6-Plate2 Algae-Bacteria Growth Experiment","3/22/2018 12:45",294,115.522,39.293,274,100.651,36.749,"78","Native Bacterium"
"300",319.666666666667,14.7233752169052,"6_78",6,"Day6-Plate3 Algae-Bacteria Growth Experiment","3/22/2018 12:55",345,167.719,48.661,280,129.934,46.387,"78","Native Bacterium"
"301",319.666666666667,14.7233752169052,"6_78",6,"Day6-Plate4 Algae-Bacteria Growth Experiment","3/22/2018 13:04",320,129.4,40.452,324,139.578,43.05,"78","Native Bacterium"
"302",308.666666666667,18.405916923038,"6_81",6,"Day6-Plate1 Algae-Bacteria Growth Experiment","3/22/2018 12:30",343,135.094,39.424,267,92.438,34.592,"81","Non-Native Bacterium"
"303",308.666666666667,18.405916923038,"6_81",6,"Day6-Plate3 Algae-Bacteria Growth Experiment","3/22/2018 12:55",303,129.192,42.684,281,121.339,43.181,"81","Non-Native Bacterium"
"304",308.666666666667,18.405916923038,"6_81",6,"Day6-Plate4 Algae-Bacteria Growth Experiment","3/22/2018 13:04",280,122.983,43.922,297,132.196,44.577,"81","Non-Native Bacterium"
"305",354,19.0087699058443,"6_82",6,"Day6-Plate1 Algae-Bacteria Growth Experiment","3/22/2018 12:30",392,143.898,36.677,333,124.701,37.398,"82","Non-Native Bacterium"
"306",354,19.0087699058443,"6_82",6,"Day6-Plate2 Algae-Bacteria Growth Experiment","3/22/2018 12:45",334,156.572,46.847,283,137.716,48.663,"82","Non-Native Bacterium"
"307",354,19.0087699058443,"6_82",6,"Day6-Plate4 Algae-Bacteria Growth Experiment","3/22/2018 13:04",336,125.371,37.362,340,127.52,37.481,"82","Non-Native Bacterium"
"308",340.666666666667,19.4279294945304,"6_87",6,"Day6-Plate1 Algae-Bacteria Growth Experiment","3/22/2018 12:30",376,140.065,37.284,311,115.748,37.178,"87","Non-Native Bacterium"
"309",340.666666666667,19.4279294945304,"6_87",6,"Day6-Plate2 Algae-Bacteria Growth Experiment","3/22/2018 12:45",309,141.074,45.622,255,108.453,42.605,"87","Non-Native Bacterium"
"310",340.666666666667,19.4279294945304,"6_87",6,"Day6-Plate4 Algae-Bacteria Growth Experiment","3/22/2018 13:04",337,183.561,54.433,309,170.277,55.027,"87","Non-Native Bacterium"
"311",294.333333333333,17.032648388055,"6_88",6,"Day6-Plate2 Algae-Bacteria Growth Experiment","3/22/2018 12:45",294,117.867,40.061,274,117.04,42.767,"88","Non-Native Bacterium"
"312",294.333333333333,17.032648388055,"6_88",6,"Day6-Plate4 Algae-Bacteria Growth Experiment","3/22/2018 13:04",324,131.744,40.606,329,127.209,38.613,"88","Non-Native Bacterium"
"313",294.333333333333,17.032648388055,"6_88",6,"Day6-Plate5 Algae-Bacteria Growth Experiment","3/22/2018 13:14",265,130.219,49.098,235,121.215,51.654,"88","Non-Native Bacterium"
"314",274,7.81024967590665,"6_91",6,"Day6-Plate2 Algae-Bacteria Growth Experiment","3/22/2018 12:45",275,109.05,39.655,260,96.807,37.17,"91","Non-Native Bacterium"
"315",274,7.81024967590665,"6_91",6,"Day6-Plate4 Algae-Bacteria Growth Experiment","3/22/2018 13:04",287,154.508,53.794,308,161.589,52.407,"91","Non-Native Bacterium"
"316",274,7.81024967590665,"6_91",6,"Day6-Plate5 Algae-Bacteria Growth Experiment","3/22/2018 13:14",260,111.613,42.983,262,100.744,38.436,"91","Non-Native Bacterium"
"317",303,11.2398102000582,"6_92",6,"Day6-Plate1 Algae-Bacteria Growth Experiment","3/22/2018 12:30",325,131.355,40.459,261,104.399,39.949,"92","Non-Native Bacterium"
"318",303,11.2398102000582,"6_92",6,"Day6-Plate3 Algae-Bacteria Growth Experiment","3/22/2018 12:55",288,130.066,45.11,276,111.757,40.426,"92","Non-Native Bacterium"
"319",303,11.2398102000582,"6_92",6,"Day6-Plate4 Algae-Bacteria Growth Experiment","3/22/2018 13:04",296,126.291,42.714,298,130.009,43.562,"92","Non-Native Bacterium"
"320",278.4,14.871449156017,"7_7",7,"Day7-Plate1 Algae-Bacteria Growth Experiment","3/23/2018 14:04",307,128.385,41.774,254,113.1,44.508,"7","Axenic"
"321",278.4,14.871449156017,"7_7",7,"Day7-Plate2 Algae-Bacteria Growth Experiment","3/23/2018 14:13",261,112.324,43.073,229,101.433,44.294,"7","Axenic"
"322",278.4,14.871449156017,"7_7",7,"Day7-Plate3 Algae-Bacteria Growth Experiment","3/23/2018 14:23",321,120.233,37.482,335,129.338,38.608,"7","Axenic"
"323",278.4,14.871449156017,"7_7",7,"Day7-Plate4 Algae-Bacteria Growth Experiment","3/23/2018 14:32",256,101.975,39.782,273,127.711,46.8,"7","Axenic"
"324",278.4,14.871449156017,"7_7",7,"Day7-Plate5 Algae-Bacteria Growth Experiment","3/23/2018 14:41",247,127.2,51.452,261,128.062,49.066,"7","Axenic"
"325",309.666666666667,55.8400493473198,"7_76",7,"Day7-Plate1 Algae-Bacteria Growth Experiment","3/23/2018 14:04",414,180.073,43.531,376,161.241,42.934,"76","Non-Native Bacterium"
"326",309.666666666667,55.8400493473198,"7_76",7,"Day7-Plate3 Algae-Bacteria Growth Experiment","3/23/2018 14:23",223,106.774,47.928,222,97.496,43.961,"76","Non-Native Bacterium"
"327",309.666666666667,55.8400493473198,"7_76",7,"Day7-Plate4 Algae-Bacteria Growth Experiment","3/23/2018 14:32",292,124.929,42.751,304,123.814,40.728,"76","Non-Native Bacterium"
"328",340.333333333333,18.773503787105,"7_78",7,"Day7-Plate2 Algae-Bacteria Growth Experiment","3/23/2018 14:13",347,134.201,38.675,338,121.809,36.062,"78","Native Bacterium"
"329",340.333333333333,18.773503787105,"7_78",7,"Day7-Plate3 Algae-Bacteria Growth Experiment","3/23/2018 14:23",369,174.858,47.415,305,138.392,45.391,"78","Native Bacterium"
"330",340.333333333333,18.773503787105,"7_78",7,"Day7-Plate4 Algae-Bacteria Growth Experiment","3/23/2018 14:32",305,109.287,35.832,324,119.336,36.807,"78","Native Bacterium"
"331",332.333333333333,35.1773285575304,"7_81",7,"Day7-Plate1 Algae-Bacteria Growth Experiment","3/23/2018 14:04",397,152.471,38.384,347,147.525,42.487,"81","Non-Native Bacterium"
"332",332.333333333333,35.1773285575304,"7_81",7,"Day7-Plate3 Algae-Bacteria Growth Experiment","3/23/2018 14:23",324,142.972,44.067,309,134.302,43.495,"81","Non-Native Bacterium"
"333",332.333333333333,35.1773285575304,"7_81",7,"Day7-Plate4 Algae-Bacteria Growth Experiment","3/23/2018 14:32",276,120.008,43.516,308,135.769,44.033,"81","Non-Native Bacterium"
"334",345.333333333333,40.4365071576553,"7_82",7,"Day7-Plate1 Algae-Bacteria Growth Experiment","3/23/2018 14:04",426,155.942,36.578,388,141.481,36.464,"82","Non-Native Bacterium"
"335",345.333333333333,40.4365071576553,"7_82",7,"Day7-Plate2 Algae-Bacteria Growth Experiment","3/23/2018 14:13",310,142.724,46.09,278,132.856,47.752,"82","Non-Native Bacterium"
"336",345.333333333333,40.4365071576553,"7_82",7,"Day7-Plate4 Algae-Bacteria Growth Experiment","3/23/2018 14:32",300,91.304,30.412,324,103.584,31.992,"82","Non-Native Bacterium"
"337",358.666666666667,41.7026511280891,"7_87",7,"Day7-Plate1 Algae-Bacteria Growth Experiment","3/23/2018 14:04",440,166.454,37.792,394,139.072,35.268,"87","Non-Native Bacterium"
"338",358.666666666667,41.7026511280891,"7_87",7,"Day7-Plate2 Algae-Bacteria Growth Experiment","3/23/2018 14:13",334,145.53,43.558,293,126.563,43.196,"87","Non-Native Bacterium"
"339",358.666666666667,41.7026511280891,"7_87",7,"Day7-Plate4 Algae-Bacteria Growth Experiment","3/23/2018 14:32",302,148.06,49.045,327,165.798,50.685,"87","Non-Native Bacterium"
"340",309.333333333333,8.17176711475418,"7_88",7,"Day7-Plate2 Algae-Bacteria Growth Experiment","3/23/2018 14:13",318,129.294,40.701,306,112.524,36.759,"88","Non-Native Bacterium"
"341",309.333333333333,8.17176711475418,"7_88",7,"Day7-Plate4 Algae-Bacteria Growth Experiment","3/23/2018 14:32",293,107.606,36.698,309,119.036,38.564,"88","Non-Native Bacterium"
"342",309.333333333333,8.17176711475418,"7_88",7,"Day7-Plate5 Algae-Bacteria Growth Experiment","3/23/2018 14:41",317,171.398,54.05,290,151.725,52.339,"88","Non-Native Bacterium"
"343",311.333333333333,22.9080286750689,"7_91",7,"Day7-Plate2 Algae-Bacteria Growth Experiment","3/23/2018 14:13",307,131.706,42.948,304,122.469,40.345,"91","Non-Native Bacterium"
"344",311.333333333333,22.9080286750689,"7_91",7,"Day7-Plate4 Algae-Bacteria Growth Experiment","3/23/2018 14:32",274,140.969,51.49,287,140.027,48.752,"91","Non-Native Bacterium"
"345",311.333333333333,22.9080286750689,"7_91",7,"Day7-Plate5 Algae-Bacteria Growth Experiment","3/23/2018 14:41",353,160.838,45.535,347,153.285,44.16,"91","Non-Native Bacterium"
"346",328,12.5033328890074,"7_92",7,"Day7-Plate1 Algae-Bacteria Growth Experiment","3/23/2018 14:04",341,140.911,41.363,335,137.287,40.967,"92","Non-Native Bacterium"
"347",328,12.5033328890074,"7_92",7,"Day7-Plate3 Algae-Bacteria Growth Experiment","3/23/2018 14:23",340,154.966,45.623,298,137.413,46.129,"92","Non-Native Bacterium"
"348",328,12.5033328890074,"7_92",7,"Day7-Plate4 Algae-Bacteria Growth Experiment","3/23/2018 14:32",303,124.739,41.213,310,135.49,43.675,"92","Non-Native Bacterium"
"349",273.8,19.4200926877294,"8_7",8,"Day8-Plate1 Algae-Bacteria Growth Experiment","3/24/2018 15:45",295,111.582,37.824,261,99.12,38.009,"7","Axenic"
"350",273.8,19.4200926877294,"8_7",8,"Day8-Plate2 Algae-Bacteria Growth Experiment","3/24/2018 15:56",265,119.424,45.141,256,113.863,44.536,"7","Axenic"
"351",273.8,19.4200926877294,"8_7",8,"Day8-Plate3 Algae-Bacteria Growth Experiment","3/24/2018 16:05",336,125.201,37.312,332,124.673,37.565,"7","Axenic"
"352",273.8,19.4200926877294,"8_7",8,"Day8-Plate4 Algae-Bacteria Growth Experiment","3/24/2018 16:15",250,92.67,37.134,274,112.662,41.068,"7","Axenic"
"353",273.8,19.4200926877294,"8_7",8,"Day8-Plate5 Algae-Bacteria Growth Experiment","3/24/2018 16:24",223,111.821,50.144,226,117.691,52.025,"7","Axenic"
"354",319,49.095145720665,"8_76",8,"Day8-Plate1 Algae-Bacteria Growth Experiment","3/24/2018 15:45",388,161.506,41.673,324,130.84,40.327,"76","Non-Native Bacterium"
"355",319,49.095145720665,"8_76",8,"Day8-Plate3 Algae-Bacteria Growth Experiment","3/24/2018 16:05",224,94.524,42.156,213,99.328,46.633,"76","Non-Native Bacterium"
"356",319,49.095145720665,"8_76",8,"Day8-Plate4 Algae-Bacteria Growth Experiment","3/24/2018 16:15",345,144.525,41.918,332,151.457,45.65,"76","Non-Native Bacterium"
"357",340,16.2583311976763,"8_78",8,"Day8-Plate2 Algae-Bacteria Growth Experiment","3/24/2018 15:56",351,137.269,39.108,325,129.045,39.693,"78","Native Bacterium"
"358",340,16.2583311976763,"8_78",8,"Day8-Plate3 Algae-Bacteria Growth Experiment","3/24/2018 16:05",361,153.978,42.706,296,113.15,38.183,"78","Native Bacterium"
"359",340,16.2583311976763,"8_78",8,"Day8-Plate4 Algae-Bacteria Growth Experiment","3/24/2018 16:15",308,132.242,42.92,323,123.043,38.068,"78","Native Bacterium"
"360",338.333333333333,26.0149529651272,"8_81",8,"Day8-Plate1 Algae-Bacteria Growth Experiment","3/24/2018 15:45",341,118.888,34.819,292,101.752,34.82,"81","Non-Native Bacterium"
"361",338.333333333333,26.0149529651272,"8_81",8,"Day8-Plate3 Algae-Bacteria Growth Experiment","3/24/2018 16:05",382,164.772,43.084,349,149.128,42.716,"81","Non-Native Bacterium"
"362",338.333333333333,26.0149529651272,"8_81",8,"Day8-Plate4 Algae-Bacteria Growth Experiment","3/24/2018 16:15",292,136.577,46.826,306,142.4,46.468,"81","Non-Native Bacterium"
"363",368.666666666667,29.3390146013423,"8_82",8,"Day8-Plate1 Algae-Bacteria Growth Experiment","3/24/2018 15:45",427,168.016,39.379,311,99.147,31.891,"82","Non-Native Bacterium"
"364",368.666666666667,29.3390146013423,"8_82",8,"Day8-Plate2 Algae-Bacteria Growth Experiment","3/24/2018 15:56",345,160.873,46.675,287,137.085,47.783,"82","Non-Native Bacterium"
"365",368.666666666667,29.3390146013423,"8_82",8,"Day8-Plate4 Algae-Bacteria Growth Experiment","3/24/2018 16:15",334,144.471,43.212,365,147.062,40.242,"82","Non-Native Bacterium"
"366",348.666666666667,13.9084306966834,"8_87",8,"Day8-Plate1 Algae-Bacteria Growth Experiment","3/24/2018 15:45",360,122.731,34.092,319,105.098,32.935,"87","Non-Native Bacterium"
"367",348.666666666667,13.9084306966834,"8_87",8,"Day8-Plate2 Algae-Bacteria Growth Experiment","3/24/2018 15:56",365,163.814,44.826,300,137.464,45.804,"87","Non-Native Bacterium"
"368",348.666666666667,13.9084306966834,"8_87",8,"Day8-Plate4 Algae-Bacteria Growth Experiment","3/24/2018 16:15",321,177.733,55.407,323,170.044,52.718,"87","Non-Native Bacterium"
"369",301.333333333333,15.1913718201411,"8_88",8,"Day8-Plate2 Algae-Bacteria Growth Experiment","3/24/2018 15:56",318,124.037,39.033,291,105.219,36.199,"88","Non-Native Bacterium"
"370",301.333333333333,15.1913718201411,"8_88",8,"Day8-Plate4 Algae-Bacteria Growth Experiment","3/24/2018 16:15",315,130.875,41.518,326,129.321,39.642,"88","Non-Native Bacterium"
"371",301.333333333333,15.1913718201411,"8_88",8,"Day8-Plate5 Algae-Bacteria Growth Experiment","3/24/2018 16:24",271,133.57,49.268,275,132.759,48.256,"88","Non-Native Bacterium"
"372",316.666666666667,19.9694210676669,"8_91",8,"Day8-Plate2 Algae-Bacteria Growth Experiment","3/24/2018 15:56",347,144.977,41.727,337,136.866,40.56,"91","Non-Native Bacterium"
"373",316.666666666667,19.9694210676669,"8_91",8,"Day8-Plate4 Algae-Bacteria Growth Experiment","3/24/2018 16:15",279,147.034,52.617,298,146.026,48.984,"91","Non-Native Bacterium"
"374",316.666666666667,19.9694210676669,"8_91",8,"Day8-Plate5 Algae-Bacteria Growth Experiment","3/24/2018 16:24",324,131.09,40.501,324,126.019,38.935,"91","Non-Native Bacterium"
"375",332.666666666667,14.6552986246537,"8_92",8,"Day8-Plate1 Algae-Bacteria Growth Experiment","3/24/2018 15:45",312,116.074,37.256,281,104.187,37.136,"92","Non-Native Bacterium"
"376",332.666666666667,14.6552986246537,"8_92",8,"Day8-Plate3 Algae-Bacteria Growth Experiment","3/24/2018 16:05",361,169.177,46.892,311,145.794,46.829,"92","Non-Native Bacterium"
"377",332.666666666667,14.6552986246537,"8_92",8,"Day8-Plate4 Algae-Bacteria Growth Experiment","3/24/2018 16:15",325,140.392,43.257,337,148.181,44.014,"92","Non-Native Bacterium"
"378",314.4,11.8220133649053,"9_7",9,"Day9-Plate1 Algae-Bacteria Growth Experiment","3/25/2018 14:23",316,129.4,40.992,257,105.444,41.064,"7","Axenic"
"379",314.4,11.8220133649053,"9_7",9,"Day9-Plate2 Algae-Bacteria Growth Experiment","3/25/2018 14:32",320,140.961,44.05,272,118.857,43.751,"7","Axenic"
"380",314.4,11.8220133649053,"9_7",9,"Day9-Plate3 Algae-Bacteria Growth Experiment","3/25/2018 14:41",350,107.258,30.684,333,109.558,32.878,"7","Axenic"
"381",314.4,11.8220133649053,"9_7",9,"Day9-Plate4 Algae-Bacteria Growth Experiment","3/25/2018 14:51",310,122.581,39.571,330,141.744,42.996,"7","Axenic"
"382",314.4,11.8220133649053,"9_7",9,"Day9-Plate5 Algae-Bacteria Growth Experiment","3/25/2018 15:00",276,145.4,52.702,280,139.654,49.876,"7","Axenic"
"383",342.666666666667,56.5724707295381,"9_76",9,"Day9-Plate1 Algae-Bacteria Growth Experiment","3/25/2018 14:23",408,164.724,40.407,351,148.757,42.394,"76","Non-Native Bacterium"
"384",342.666666666667,56.5724707295381,"9_76",9,"Day9-Plate3 Algae-Bacteria Growth Experiment","3/25/2018 14:41",230,98.198,42.715,231,99.81,43.125,"76","Non-Native Bacterium"
"385",342.666666666667,56.5724707295381,"9_76",9,"Day9-Plate4 Algae-Bacteria Growth Experiment","3/25/2018 14:51",390,165.664,42.49,385,173.376,44.994,"76","Non-Native Bacterium"
"386",393,24.1936630821654,"9_78",9,"Day9-Plate2 Algae-Bacteria Growth Experiment","3/25/2018 14:32",357,110.33,30.866,329,100.143,30.418,"78","Native Bacterium"
"387",393,24.1936630821654,"9_78",9,"Day9-Plate3 Algae-Bacteria Growth Experiment","3/25/2018 14:41",439,215.404,49.042,362,170.709,47.157,"78","Native Bacterium"
"388",393,24.1936630821654,"9_78",9,"Day9-Plate4 Algae-Bacteria Growth Experiment","3/25/2018 14:51",383,149.02,38.931,390,167.559,42.976,"78","Native Bacterium"
"389",383.333333333333,15.5920207513687,"9_81",9,"Day9-Plate1 Algae-Bacteria Growth Experiment","3/25/2018 14:23",384,157.757,41.071,339,120.237,35.456,"81","Non-Native Bacterium"
"390",383.333333333333,15.5920207513687,"9_81",9,"Day9-Plate3 Algae-Bacteria Growth Experiment","3/25/2018 14:41",410,170.638,41.664,348,141.055,40.546,"81","Non-Native Bacterium"
"391",383.333333333333,15.5920207513687,"9_81",9,"Day9-Plate4 Algae-Bacteria Growth Experiment","3/25/2018 14:51",356,154.127,43.253,374,172.356,46.112,"81","Non-Native Bacterium"
"392",404,20.4042479237372,"9_82",9,"Day9-Plate1 Algae-Bacteria Growth Experiment","3/25/2018 14:23",444,170.741,38.465,354,145.517,41.055,"82","Non-Native Bacterium"
"393",404,20.4042479237372,"9_82",9,"Day9-Plate2 Algae-Bacteria Growth Experiment","3/25/2018 14:32",377,179.904,47.664,304,137.002,45.033,"82","Non-Native Bacterium"
"394",404,20.4042479237372,"9_82",9,"Day9-Plate4 Algae-Bacteria Growth Experiment","3/25/2018 14:51",391,150.669,38.556,401,150.555,37.576,"82","Non-Native Bacterium"
"395",425.333333333333,17.0228604464049,"9_87",9,"Day9-Plate1 Algae-Bacteria Growth Experiment","3/25/2018 14:23",448,172.928,38.581,411,163.807,39.856,"87","Non-Native Bacterium"
"396",425.333333333333,17.0228604464049,"9_87",9,"Day9-Plate2 Algae-Bacteria Growth Experiment","3/25/2018 14:32",436,211.732,48.562,358,190.176,53.105,"87","Non-Native Bacterium"
"397",425.333333333333,17.0228604464049,"9_87",9,"Day9-Plate4 Algae-Bacteria Growth Experiment","3/25/2018 14:51",392,211.864,54.016,375,204.047,54.364,"87","Non-Native Bacterium"
"398",363,14.422205101856,"9_88",9,"Day9-Plate2 Algae-Bacteria Growth Experiment","3/25/2018 14:32",355,115.133,32.391,285,101.061,35.474,"88","Non-Native Bacterium"
"399",363,14.422205101856,"9_88",9,"Day9-Plate4 Algae-Bacteria Growth Experiment","3/25/2018 14:51",391,150.136,38.376,378,159.215,42.12,"88","Non-Native Bacterium"
"400",363,14.422205101856,"9_88",9,"Day9-Plate5 Algae-Bacteria Growth Experiment","3/25/2018 15:00",343,172.274,50.177,315,167.014,53.058,"88","Non-Native Bacterium"
"401",383,11.3724814061547,"9_91",9,"Day9-Plate2 Algae-Bacteria Growth Experiment","3/25/2018 14:32",405,165.09,40.752,386,162.765,42.179,"91","Non-Native Bacterium"
"402",383,11.3724814061547,"9_91",9,"Day9-Plate4 Algae-Bacteria Growth Experiment","3/25/2018 14:51",367,171.895,46.838,390,185.157,47.422,"91","Non-Native Bacterium"
"403",383,11.3724814061547,"9_91",9,"Day9-Plate5 Algae-Bacteria Growth Experiment","3/25/2018 15:00",377,164.83,43.709,374,156.58,41.866,"91","Non-Native Bacterium"
"404",390.333333333333,18.773503787105,"9_92",9,"Day9-Plate1 Algae-Bacteria Growth Experiment","3/25/2018 14:23",355,151.12,42.596,348,148.367,42.661,"92","Non-Native Bacterium"
"405",390.333333333333,18.773503787105,"9_92",9,"Day9-Plate3 Algae-Bacteria Growth Experiment","3/25/2018 14:41",419,196.821,46.987,362,165.473,45.669,"92","Non-Native Bacterium"
"406",390.333333333333,18.773503787105,"9_92",9,"Day9-Plate4 Algae-Bacteria Growth Experiment","3/25/2018 14:51",397,172.62,43.518,391,168.55,43.095,"92","Non-Native Bacterium"
